"initial_alias","converted_alias","name","description","namespace"
"PCDHA12","ENSG00000251664","PCDHA12","protocadherin alpha 12 [Source:HGNC Symbol;Acc:HGNC:8666]","ENTREZGENE,GENECARDS,HGNC,UNIPROT_GN,WIKIGENE"
"FAT2","ENSG00000086570","FAT2","FAT atypical cadherin 2 [Source:HGNC Symbol;Acc:HGNC:3596]","ENTREZGENE,GENECARDS,HGNC,UNIPROT_GN,WIKIGENE"
"PCDHGB1","ENSG00000254221","PCDHGB1","protocadherin gamma subfamily B, 1 [Source:HGNC Symbol;Acc:HGNC:8708]","ENTREZGENE,GENECARDS,HGNC,UNIPROT_GN,WIKIGENE"
"CTNNA1","ENSG00000044115","CTNNA1","catenin alpha 1 [Source:HGNC Symbol;Acc:HGNC:2509]","ENTREZGENE,GENECARDS,HGNC,UNIPROT_GN,WIKIGENE"
"FRZB","ENSG00000162998","FRZB","frizzled related protein [Source:HGNC Symbol;Acc:HGNC:3959]","ENTREZGENE,GENECARDS,HGNC,UNIPROT_GN,WIKIGENE"
"PCDH10","ENSG00000138650","PCDH10","protocadherin 10 [Source:HGNC Symbol;Acc:HGNC:13404]","ENTREZGENE,GENECARDS,HGNC,UNIPROT_GN,WIKIGENE"
"AES","None","None","None",""
"ITPR2","ENSG00000123104","ITPR2","inositol 1,4,5-trisphosphate receptor type 2 [Source:HGNC Symbol;Acc:HGNC:6181]","ENTREZGENE,GENECARDS,HGNC,UNIPROT_GN,WIKIGENE"
"PCDH7","ENSG00000169851","PCDH7","protocadherin 7 [Source:HGNC Symbol;Acc:HGNC:8659]","ENTREZGENE,GENECARDS,HGNC,UNIPROT_GN,WIKIGENE"
"TLE4","ENSG00000106829","TLE4","TLE family member 4, transcriptional corepressor [Source:HGNC Symbol;Acc:HGNC:11840]","ENTREZGENE,GENECARDS,HGNC,UNIPROT_GN,WIKIGENE"
"CSNK2B","ENSG00000204435","CSNK2B","casein kinase 2 beta [Source:HGNC Symbol;Acc:HGNC:2460]","ENTREZGENE,GENECARDS,HGNC,UNIPROT_GN,WIKIGENE"
"CSNK2B","ENSG00000263020","None","novel protein","ENTREZGENE,GENECARDS,HGNC,UNIPROT_GN,WIKIGENE"
"GNG4","ENSG00000168243","GNG4","G protein subunit gamma 4 [Source:HGNC Symbol;Acc:HGNC:4407]","ENTREZGENE,GENECARDS,HGNC,UNIPROT_GN,WIKIGENE"
"PCDHGB4","ENSG00000253953","PCDHGB4","protocadherin gamma subfamily B, 4 [Source:HGNC Symbol;Acc:HGNC:8711]","ENTREZGENE,HGNC,UNIPROT_GN,WIKIGENE"
"WNT8A","ENSG00000061492","WNT8A","Wnt family member 8A [Source:HGNC Symbol;Acc:HGNC:12788]","ENTREZGENE,GENECARDS,HGNC,UNIPROT_GN,WIKIGENE"
"WNT9B","ENSG00000158955","WNT9B","Wnt family member 9B [Source:HGNC Symbol;Acc:HGNC:12779]","ENTREZGENE,GENECARDS,HGNC,UNIPROT_GN,WIKIGENE"
"TCF7L2","ENSG00000148737","TCF7L2","transcription factor 7 like 2 [Source:HGNC Symbol;Acc:HGNC:11641]","ENTREZGENE,GENECARDS,HGNC,UNIPROT_GN,WIKIGENE"
"PCDHGA2","ENSG00000081853","PCDHGA2","protocadherin gamma subfamily A, 2 [Source:HGNC Symbol;Acc:HGNC:8700]","ENTREZGENE,GENECARDS,HGNC,UNIPROT_GN,WIKIGENE"
"GNG8","ENSG00000167414","GNG8","G protein subunit gamma 8 [Source:HGNC Symbol;Acc:HGNC:19664]","ENTREZGENE,GENECARDS,HGNC,UNIPROT_GN,WIKIGENE"
"CDH5","ENSG00000179776","CDH5","cadherin 5 [Source:HGNC Symbol;Acc:HGNC:1764]","ENTREZGENE,GENECARDS,HGNC,UNIPROT_GN,WIKIGENE"
"PCDHB13","ENSG00000187372","PCDHB13","protocadherin beta 13 [Source:HGNC Symbol;Acc:HGNC:8684]","ENTREZGENE,GENECARDS,HGNC,UNIPROT_GN,WIKIGENE"
"PYGO2","ENSG00000163348","PYGO2","pygopus family PHD finger 2 [Source:HGNC Symbol;Acc:HGNC:30257]","ENTREZGENE,GENECARDS,HGNC,UNIPROT_GN,WIKIGENE"
"CDH11","ENSG00000140937","CDH11","cadherin 11 [Source:HGNC Symbol;Acc:HGNC:1750]","ENTREZGENE,GENECARDS,HGNC,UNIPROT_GN,WIKIGENE"
"PCDHA11","ENSG00000249158","PCDHA11","protocadherin alpha 11 [Source:HGNC Symbol;Acc:HGNC:8665]","ENTREZGENE,GENECARDS,HGNC,UNIPROT_GN,WIKIGENE"
"EP400","ENSG00000183495","EP400","E1A binding protein p400 [Source:HGNC Symbol;Acc:HGNC:11958]","ENTREZGENE,GENECARDS,HGNC,UNIPROT_GN,WIKIGENE"
"ARID1A","ENSG00000117713","ARID1A","AT-rich interaction domain 1A [Source:HGNC Symbol;Acc:HGNC:11110]","ENTREZGENE,GENECARDS,HGNC,UNIPROT_GN,WIKIGENE"
"CDH13","ENSG00000140945","CDH13","cadherin 13 [Source:HGNC Symbol;Acc:HGNC:1753]","ENTREZGENE,GENECARDS,HGNC,UNIPROT_GN,WIKIGENE"
"CSNK1G3","ENSG00000151292","CSNK1G3","casein kinase 1 gamma 3 [Source:HGNC Symbol;Acc:HGNC:2456]","ENTREZGENE,GENECARDS,HGNC,UNIPROT_GN,WIKIGENE"
"SAG","ENSG00000130561","SAG","S-antigen visual arrestin [Source:HGNC Symbol;Acc:HGNC:10521]","ENTREZGENE,GENECARDS,HGNC,UNIPROT_GN,WIKIGENE"
"PPP2R5D","ENSG00000112640","PPP2R5D","protein phosphatase 2 regulatory subunit B'delta [Source:HGNC Symbol;Acc:HGNC:9312]","ENTREZGENE,GENECARDS,HGNC,UNIPROT_GN,WIKIGENE"
"PCDHB16","ENSG00000272674","PCDHB16","protocadherin beta 16 [Source:HGNC Symbol;Acc:HGNC:14546]","ENTREZGENE,GENECARDS,HGNC,UNIPROT_GN,WIKIGENE"
"CSNK1G2","ENSG00000133275","CSNK1G2","casein kinase 1 gamma 2 [Source:HGNC Symbol;Acc:HGNC:2455]","ENTREZGENE,GENECARDS,HGNC,UNIPROT_GN,WIKIGENE"
"PLCB2","ENSG00000137841","PLCB2","phospholipase C beta 2 [Source:HGNC Symbol;Acc:HGNC:9055]","ENTREZGENE,GENECARDS,HGNC,UNIPROT_GN,WIKIGENE"
"PCDHA8","ENSG00000204962","PCDHA8","protocadherin alpha 8 [Source:HGNC Symbol;Acc:HGNC:8674]","ENTREZGENE,GENECARDS,HGNC,UNIPROT_GN,WIKIGENE"
"ARRB1","ENSG00000137486","ARRB1","arrestin beta 1 [Source:HGNC Symbol;Acc:HGNC:711]","ENTREZGENE,GENECARDS,HGNC,UNIPROT_GN,WIKIGENE"
"PCDHA5","ENSG00000204965","PCDHA5","protocadherin alpha 5 [Source:HGNC Symbol;Acc:HGNC:8671]","ENTREZGENE,GENECARDS,HGNC,UNIPROT_GN,WIKIGENE"
"GSK3B","ENSG00000082701","GSK3B","glycogen synthase kinase 3 beta [Source:HGNC Symbol;Acc:HGNC:4617]","ENTREZGENE,GENECARDS,HGNC,UNIPROT_GN,WIKIGENE"
"CSNK2A1","ENSG00000101266","CSNK2A1","casein kinase 2 alpha 1 [Source:HGNC Symbol;Acc:HGNC:2457]","ENTREZGENE,GENECARDS,HGNC,UNIPROT_GN,WIKIGENE"
"DVL3","ENSG00000161202","DVL3","dishevelled segment polarity protein 3 [Source:HGNC Symbol;Acc:HGNC:3087]","ENTREZGENE,GENECARDS,HGNC,UNIPROT_GN,WIKIGENE"
"PCDHGA10","ENSG00000253846","PCDHGA10","protocadherin gamma subfamily A, 10 [Source:HGNC Symbol;Acc:HGNC:8697]","ENTREZGENE,GENECARDS,HGNC,UNIPROT_GN,WIKIGENE"
"SMARCA4","ENSG00000127616","SMARCA4","SWI/SNF related, matrix associated, actin dependent regulator of chromatin, subfamily a, member 4 [Source:HGNC Symbol;Acc:HGNC:11100]","ENTREZGENE,GENECARDS,HGNC,UNIPROT_GN,WIKIGENE"
"PCDH8","ENSG00000136099","PCDH8","protocadherin 8 [Source:HGNC Symbol;Acc:HGNC:8660]","ENTREZGENE,GENECARDS,HGNC,UNIPROT_GN,WIKIGENE"
"PRKCE","ENSG00000171132","PRKCE","protein kinase C epsilon [Source:HGNC Symbol;Acc:HGNC:9401]","ENTREZGENE,GENECARDS,HGNC,UNIPROT_GN,WIKIGENE"
"CDH17","ENSG00000079112","CDH17","cadherin 17 [Source:HGNC Symbol;Acc:HGNC:1756]","ENTREZGENE,GENECARDS,HGNC,UNIPROT_GN,WIKIGENE"
"FZD10","ENSG00000111432","FZD10","frizzled class receptor 10 [Source:HGNC Symbol;Acc:HGNC:4039]","ENTREZGENE,GENECARDS,HGNC,UNIPROT_GN,WIKIGENE"
"PPP3R1","ENSG00000221823","PPP3R1","protein phosphatase 3 regulatory subunit B, alpha [Source:HGNC Symbol;Acc:HGNC:9317]","ENTREZGENE,GENECARDS,HGNC,UNIPROT_GN,WIKIGENE"
"PCDHB14","ENSG00000120327","PCDHB14","protocadherin beta 14 [Source:HGNC Symbol;Acc:HGNC:8685]","ENTREZGENE,GENECARDS,HGNC,UNIPROT_GN,WIKIGENE"
"GNB4","ENSG00000114450","GNB4","G protein subunit beta 4 [Source:HGNC Symbol;Acc:HGNC:20731]","ENTREZGENE,GENECARDS,HGNC,UNIPROT_GN,WIKIGENE"
"CDH10","ENSG00000040731","CDH10","cadherin 10 [Source:HGNC Symbol;Acc:HGNC:1749]","ENTREZGENE,GENECARDS,HGNC,UNIPROT_GN,WIKIGENE"
"CDHR2","ENSG00000074276","CDHR2","cadherin related family member 2 [Source:HGNC Symbol;Acc:HGNC:18231]","ENTREZGENE,GENECARDS,HGNC,UNIPROT_GN,WIKIGENE"
"NKD1","ENSG00000140807","NKD1","NKD inhibitor of WNT signaling pathway 1 [Source:HGNC Symbol;Acc:HGNC:17045]","ENTREZGENE,GENECARDS,HGNC,UNIPROT_GN,WIKIGENE"
"WNT1","ENSG00000125084","WNT1","Wnt family member 1 [Source:HGNC Symbol;Acc:HGNC:12774]","ENTREZGENE,GENECARDS,HGNC,UNIPROT_GN,WIKIGENE"
"SMARCA2","ENSG00000080503","SMARCA2","SWI/SNF related, matrix associated, actin dependent regulator of chromatin, subfamily a, member 2 [Source:HGNC Symbol;Acc:HGNC:11098]","ENTREZGENE,GENECARDS,HGNC,UNIPROT_GN,WIKIGENE"
"CELSR1","ENSG00000075275","CELSR1","cadherin EGF LAG seven-pass G-type receptor 1 [Source:HGNC Symbol;Acc:HGNC:1850]","ENTREZGENE,GENECARDS,HGNC,UNIPROT_GN,WIKIGENE"
"ITPR3","ENSG00000096433","ITPR3","inositol 1,4,5-trisphosphate receptor type 3 [Source:HGNC Symbol;Acc:HGNC:6182]","ENTREZGENE,GENECARDS,HGNC,UNIPROT_GN,WIKIGENE"
"NFATC1","ENSG00000131196","NFATC1","nuclear factor of activated T cells 1 [Source:HGNC Symbol;Acc:HGNC:7775]","ENTREZGENE,GENECARDS,HGNC,UNIPROT_GN,WIKIGENE"
"PCDHB2","ENSG00000112852","PCDHB2","protocadherin beta 2 [Source:HGNC Symbol;Acc:HGNC:8687]","ENTREZGENE,GENECARDS,HGNC,UNIPROT_GN,WIKIGENE"
"FZD7","ENSG00000155760","FZD7","frizzled class receptor 7 [Source:HGNC Symbol;Acc:HGNC:4045]","ENTREZGENE,GENECARDS,HGNC,UNIPROT_GN,WIKIGENE"
"FZD6","ENSG00000164930","FZD6","frizzled class receptor 6 [Source:HGNC Symbol;Acc:HGNC:4044]","ENTREZGENE,GENECARDS,HGNC,UNIPROT_GN,WIKIGENE"
"PCDHB5","ENSG00000113209","PCDHB5","protocadherin beta 5 [Source:HGNC Symbol;Acc:HGNC:8690]","ENTREZGENE,GENECARDS,HGNC,UNIPROT_GN,WIKIGENE"
"CDH24","ENSG00000139880","CDH24","cadherin 24 [Source:HGNC Symbol;Acc:HGNC:14265]","ENTREZGENE,GENECARDS,HGNC,UNIPROT_GN,WIKIGENE"
"HDAC3","ENSG00000171720","HDAC3","histone deacetylase 3 [Source:HGNC Symbol;Acc:HGNC:4854]","ENTREZGENE,GENECARDS,HGNC,UNIPROT_GN,WIKIGENE"
"NKD2","ENSG00000145506","NKD2","NKD inhibitor of WNT signaling pathway 2 [Source:HGNC Symbol;Acc:HGNC:17046]","ENTREZGENE,GENECARDS,HGNC,UNIPROT_GN,WIKIGENE"
"TLE3","ENSG00000140332","TLE3","TLE family member 3, transcriptional corepressor [Source:HGNC Symbol;Acc:HGNC:11839]","ENTREZGENE,GENECARDS,HGNC,UNIPROT_GN,WIKIGENE"
"FZD8","ENSG00000177283","FZD8","frizzled class receptor 8 [Source:HGNC Symbol;Acc:HGNC:4046]","ENTREZGENE,GENECARDS,HGNC,UNIPROT_GN,WIKIGENE"
"SRCAP","ENSG00000080603","SRCAP","Snf2 related CREBBP activator protein [Source:HGNC Symbol;Acc:HGNC:16974]","ENTREZGENE,GENECARDS,HGNC,UNIPROT_GN,WIKIGENE"
"PPP2R5C","ENSG00000078304","PPP2R5C","protein phosphatase 2 regulatory subunit B'gamma [Source:HGNC Symbol;Acc:HGNC:9311]","ENTREZGENE,GENECARDS,HGNC,UNIPROT_GN,WIKIGENE"
"PRKCI","ENSG00000163558","PRKCI","protein kinase C iota [Source:HGNC Symbol;Acc:HGNC:9404]","ENTREZGENE,GENECARDS,HGNC,UNIPROT_GN,WIKIGENE"
"WNT11","ENSG00000085741","WNT11","Wnt family member 11 [Source:HGNC Symbol;Acc:HGNC:12776]","ENTREZGENE,GENECARDS,HGNC,UNIPROT_GN,WIKIGENE"
"EP300","ENSG00000100393","EP300","E1A binding protein p300 [Source:HGNC Symbol;Acc:HGNC:3373]","ENTREZGENE,GENECARDS,HGNC,UNIPROT_GN,WIKIGENE"
"PCDH9","ENSG00000184226","PCDH9","protocadherin 9 [Source:HGNC Symbol;Acc:HGNC:8661]","ENTREZGENE,GENECARDS,HGNC,UNIPROT_GN,WIKIGENE"
"PCDHAC2","ENSG00000243232","PCDHAC2","protocadherin alpha subfamily C, 2 [Source:HGNC Symbol;Acc:HGNC:8677]","ENTREZGENE,GENECARDS,HGNC,UNIPROT_GN,WIKIGENE"
"PCDHAC1","ENSG00000248383","PCDHAC1","protocadherin alpha subfamily C, 1 [Source:HGNC Symbol;Acc:HGNC:8676]","ENTREZGENE,GENECARDS,HGNC,UNIPROT_GN,WIKIGENE"
"PRKCZ","ENSG00000067606","PRKCZ","protein kinase C zeta [Source:HGNC Symbol;Acc:HGNC:9412]","ENTREZGENE,GENECARDS,HGNC,UNIPROT_GN,WIKIGENE"
"PCDHA4","ENSG00000204967","PCDHA4","protocadherin alpha 4 [Source:HGNC Symbol;Acc:HGNC:8670]","ENTREZGENE,GENECARDS,HGNC,UNIPROT_GN,WIKIGENE"
"PCDHGA8","ENSG00000253767","PCDHGA8","protocadherin gamma subfamily A, 8 [Source:HGNC Symbol;Acc:HGNC:8706]","ENTREZGENE,GENECARDS,HGNC,UNIPROT_GN,WIKIGENE"
"TBL1X","ENSG00000101849","TBL1X","transducin beta like 1 X-linked [Source:HGNC Symbol;Acc:HGNC:11585]","ENTREZGENE,GENECARDS,HGNC,UNIPROT_GN,WIKIGENE"
"PPP3R2","ENSG00000188386","PPP3R2","protein phosphatase 3 regulatory subunit B, beta [Source:HGNC Symbol;Acc:HGNC:9318]","ENTREZGENE,GENECARDS,HGNC,UNIPROT_GN,WIKIGENE"
"HDAC8","ENSG00000147099","HDAC8","histone deacetylase 8 [Source:HGNC Symbol;Acc:HGNC:13315]","ENTREZGENE,GENECARDS,HGNC,UNIPROT_GN,WIKIGENE"
"WNT4","ENSG00000162552","WNT4","Wnt family member 4 [Source:HGNC Symbol;Acc:HGNC:12783]","ENTREZGENE,GENECARDS,HGNC,UNIPROT_GN,WIKIGENE"
"ARRB2","ENSG00000141480","ARRB2","arrestin beta 2 [Source:HGNC Symbol;Acc:HGNC:712]","ENTREZGENE,GENECARDS,HGNC,UNIPROT_GN,WIKIGENE"
"CDH23","ENSG00000107736","CDH23","cadherin related 23 [Source:HGNC Symbol;Acc:HGNC:13733]","ENTREZGENE,GENECARDS,HGNC,UNIPROT_GN,WIKIGENE"
"FAT1","ENSG00000083857","FAT1","FAT atypical cadherin 1 [Source:HGNC Symbol;Acc:HGNC:3595]","ENTREZGENE,GENECARDS,HGNC,UNIPROT_GN,WIKIGENE"
"CDH1","ENSG00000039068","CDH1","cadherin 1 [Source:HGNC Symbol;Acc:HGNC:1748]","ENTREZGENE,GENECARDS,HGNC,UNIPROT_GN,WIKIGENE"
"HELLS","ENSG00000119969","HELLS","helicase, lymphoid specific [Source:HGNC Symbol;Acc:HGNC:4861]","ENTREZGENE,GENECARDS,HGNC,UNIPROT_GN,WIKIGENE"
"SMAD1","ENSG00000170365","SMAD1","SMAD family member 1 [Source:HGNC Symbol;Acc:HGNC:6767]","ENTREZGENE,GENECARDS,HGNC,UNIPROT_GN,WIKIGENE"
"PCDHB1","ENSG00000171815","PCDHB1","protocadherin beta 1 [Source:HGNC Symbol;Acc:HGNC:8680]","ENTREZGENE,GENECARDS,HGNC,UNIPROT_GN,WIKIGENE"
"CTNNA3","ENSG00000183230","CTNNA3","catenin alpha 3 [Source:HGNC Symbol;Acc:HGNC:2511]","ENTREZGENE,GENECARDS,HGNC,UNIPROT_GN,WIKIGENE"
"CDH16","ENSG00000166589","CDH16","cadherin 16 [Source:HGNC Symbol;Acc:HGNC:1755]","ENTREZGENE,GENECARDS,HGNC,UNIPROT_GN,WIKIGENE"
"AXIN1","ENSG00000103126","AXIN1","axin 1 [Source:HGNC Symbol;Acc:HGNC:903]","ENTREZGENE,GENECARDS,HGNC,UNIPROT_GN,WIKIGENE"
"CTNNA2","ENSG00000066032","CTNNA2","catenin alpha 2 [Source:HGNC Symbol;Acc:HGNC:2510]","ENTREZGENE,GENECARDS,HGNC,UNIPROT_GN,WIKIGENE"
"PCDHGB7","ENSG00000254122","PCDHGB7","protocadherin gamma subfamily B, 7 [Source:HGNC Symbol;Acc:HGNC:8714]","ENTREZGENE,GENECARDS,HGNC,UNIPROT_GN,WIKIGENE"
"WNT10B","ENSG00000169884","WNT10B","Wnt family member 10B [Source:HGNC Symbol;Acc:HGNC:12775]","ENTREZGENE,GENECARDS,HGNC,UNIPROT_GN,WIKIGENE"
"CDH12","ENSG00000154162","CDH12","cadherin 12 [Source:HGNC Symbol;Acc:HGNC:1751]","ENTREZGENE,GENECARDS,HGNC,UNIPROT_GN,WIKIGENE"
"LRP5","ENSG00000162337","LRP5","LDL receptor related protein 5 [Source:HGNC Symbol;Acc:HGNC:6697]","ENTREZGENE,GENECARDS,HGNC,UNIPROT_GN,WIKIGENE"
"CDH15","ENSG00000129910","CDH15","cadherin 15 [Source:HGNC Symbol;Acc:HGNC:1754]","ENTREZGENE,GENECARDS,HGNC,UNIPROT_GN,WIKIGENE"
"NFATC4","ENSG00000100968","NFATC4","nuclear factor of activated T cells 4 [Source:HGNC Symbol;Acc:HGNC:7778]","ENTREZGENE,GENECARDS,HGNC,UNIPROT_GN,WIKIGENE"
"CDH2","ENSG00000170558","CDH2","cadherin 2 [Source:HGNC Symbol;Acc:HGNC:1759]","ENTREZGENE,GENECARDS,HGNC,UNIPROT_GN,WIKIGENE"
"CDH8","ENSG00000150394","CDH8","cadherin 8 [Source:HGNC Symbol;Acc:HGNC:1767]","ENTREZGENE,GENECARDS,HGNC,UNIPROT_GN,WIKIGENE"
"ARR3","ENSG00000120500","ARR3","arrestin 3 [Source:HGNC Symbol;Acc:HGNC:710]","ENTREZGENE,GENECARDS,HGNC,UNIPROT_GN,WIKIGENE"
"CDH22","ENSG00000149654","CDH22","cadherin 22 [Source:HGNC Symbol;Acc:HGNC:13251]","ENTREZGENE,GENECARDS,HGNC,UNIPROT_GN,WIKIGENE"
"GNA15","ENSG00000060558","GNA15","G protein subunit alpha 15 [Source:HGNC Symbol;Acc:HGNC:4383]","ENTREZGENE,GENECARDS,HGNC,UNIPROT_GN,WIKIGENE"
"CDH18","ENSG00000145526","CDH18","cadherin 18 [Source:HGNC Symbol;Acc:HGNC:1757]","ENTREZGENE,GENECARDS,HGNC,UNIPROT_GN,WIKIGENE"
"NFATC3","ENSG00000072736","NFATC3","nuclear factor of activated T cells 3 [Source:HGNC Symbol;Acc:HGNC:7777]","ENTREZGENE,GENECARDS,HGNC,UNIPROT_GN,WIKIGENE"
"PCDH12","ENSG00000113555","PCDH12","protocadherin 12 [Source:HGNC Symbol;Acc:HGNC:8657]","ENTREZGENE,GENECARDS,HGNC,UNIPROT_GN,WIKIGENE"
"WNT16","ENSG00000002745","WNT16","Wnt family member 16 [Source:HGNC Symbol;Acc:HGNC:16267]","ENTREZGENE,GENECARDS,HGNC,UNIPROT_GN,WIKIGENE"
"PPP2CA","ENSG00000113575","PPP2CA","protein phosphatase 2 catalytic subunit alpha [Source:HGNC Symbol;Acc:HGNC:9299]","ENTREZGENE,GENECARDS,HGNC,UNIPROT_GN,WIKIGENE"
"CTBP2","ENSG00000175029","CTBP2","C-terminal binding protein 2 [Source:HGNC Symbol;Acc:HGNC:2495]","ENTREZGENE,GENECARDS,HGNC,UNIPROT_GN,WIKIGENE"
"WNT8B","ENSG00000075290","WNT8B","Wnt family member 8B [Source:HGNC Symbol;Acc:HGNC:12789]","ENTREZGENE,GENECARDS,HGNC,UNIPROT_GN,WIKIGENE"
"CTNNAL1","ENSG00000119326","CTNNAL1","catenin alpha like 1 [Source:HGNC Symbol;Acc:HGNC:2512]","ENTREZGENE,GENECARDS,HGNC,UNIPROT_GN,WIKIGENE"
"FAT3","ENSG00000165323","FAT3","FAT atypical cadherin 3 [Source:HGNC Symbol;Acc:HGNC:23112]","ENTREZGENE,GENECARDS,HGNC,UNIPROT_GN,WIKIGENE"
"PPP2R5A","ENSG00000066027","PPP2R5A","protein phosphatase 2 regulatory subunit B'alpha [Source:HGNC Symbol;Acc:HGNC:9309]","ENTREZGENE,GENECARDS,HGNC,UNIPROT_GN,WIKIGENE"
"PRKCB","ENSG00000166501","PRKCB","protein kinase C beta [Source:HGNC Symbol;Acc:HGNC:9395]","ENTREZGENE,GENECARDS,HGNC,UNIPROT_GN,WIKIGENE"
"HDAC2","ENSG00000196591","HDAC2","histone deacetylase 2 [Source:HGNC Symbol;Acc:HGNC:4853]","ENTREZGENE,GENECARDS,HGNC,UNIPROT_GN,WIKIGENE"
"TLE2","ENSG00000065717","TLE2","TLE family member 2, transcriptional corepressor [Source:HGNC Symbol;Acc:HGNC:11838]","ENTREZGENE,GENECARDS,HGNC,UNIPROT_GN,WIKIGENE"
"WNT7A","ENSG00000154764","WNT7A","Wnt family member 7A [Source:HGNC Symbol;Acc:HGNC:12786]","ENTREZGENE,GENECARDS,HGNC,UNIPROT_GN,WIKIGENE"
"SMARCAL1","ENSG00000138375","SMARCAL1","SWI/SNF related, matrix associated, actin dependent regulator of chromatin, subfamily a like 1 [Source:HGNC Symbol;Acc:HGNC:11102]","ENTREZGENE,GENECARDS,HGNC,UNIPROT_GN,WIKIGENE"
"SFRP1","ENSG00000104332","SFRP1","secreted frizzled related protein 1 [Source:HGNC Symbol;Acc:HGNC:10776]","ENTREZGENE,GENECARDS,HGNC,UNIPROT_GN,WIKIGENE"
"PCDHGA6","ENSG00000253731","PCDHGA6","protocadherin gamma subfamily A, 6 [Source:HGNC Symbol;Acc:HGNC:8704]","ENTREZGENE,HGNC,UNIPROT_GN,WIKIGENE"
"CSNK1A1","ENSG00000113712","CSNK1A1","casein kinase 1 alpha 1 [Source:HGNC Symbol;Acc:HGNC:2451]","ENTREZGENE,GENECARDS,HGNC,UNIPROT_GN,WIKIGENE"
"GNG2","ENSG00000186469","GNG2","G protein subunit gamma 2 [Source:HGNC Symbol;Acc:HGNC:4404]","ENTREZGENE,GENECARDS,HGNC,UNIPROT_GN,WIKIGENE"
"CDH3","ENSG00000062038","CDH3","cadherin 3 [Source:HGNC Symbol;Acc:HGNC:1762]","ENTREZGENE,GENECARDS,HGNC,UNIPROT_GN,WIKIGENE"
"SMARCD3","ENSG00000082014","SMARCD3","SWI/SNF related, matrix associated, actin dependent regulator of chromatin, subfamily d, member 3 [Source:HGNC Symbol;Acc:HGNC:11108]","ENTREZGENE,GENECARDS,HGNC,UNIPROT_GN,WIKIGENE"
"PPP3CB","ENSG00000107758","PPP3CB","protein phosphatase 3 catalytic subunit beta [Source:HGNC Symbol;Acc:HGNC:9315]","ENTREZGENE,GENECARDS,HGNC,UNIPROT_GN,WIKIGENE"
"WNT6","ENSG00000115596","WNT6","Wnt family member 6 [Source:HGNC Symbol;Acc:HGNC:12785]","ENTREZGENE,GENECARDS,HGNC,UNIPROT_GN,WIKIGENE"
"CHD1L","ENSG00000131778","CHD1L","chromodomain helicase DNA binding protein 1 like [Source:HGNC Symbol;Acc:HGNC:1916]","ENTREZGENE,GENECARDS,HGNC,UNIPROT_GN,WIKIGENE"
"PCDH11Y","ENSG00000099715","PCDH11Y","protocadherin 11 Y-linked [Source:HGNC Symbol;Acc:HGNC:15813]","ENTREZGENE,GENECARDS,HGNC,UNIPROT_GN,WIKIGENE"
"GNA14","ENSG00000156049","GNA14","G protein subunit alpha 14 [Source:HGNC Symbol;Acc:HGNC:4382]","ENTREZGENE,GENECARDS,HGNC,UNIPROT_GN,WIKIGENE"
"PCDHA9","ENSG00000204961","PCDHA9","protocadherin alpha 9 [Source:HGNC Symbol;Acc:HGNC:8675]","ENTREZGENE,GENECARDS,HGNC,UNIPROT_GN,WIKIGENE"
"FZD1","ENSG00000157240","FZD1","frizzled class receptor 1 [Source:HGNC Symbol;Acc:HGNC:4038]","ENTREZGENE,GENECARDS,HGNC,UNIPROT_GN,WIKIGENE"
"PCDHGA1","ENSG00000204956","PCDHGA1","protocadherin gamma subfamily A, 1 [Source:HGNC Symbol;Acc:HGNC:8696]","ENTREZGENE,HGNC,UNIPROT_GN,WIKIGENE"
"CSNK2A2","ENSG00000070770","CSNK2A2","casein kinase 2 alpha 2 [Source:HGNC Symbol;Acc:HGNC:2459]","ENTREZGENE,GENECARDS,HGNC,UNIPROT_GN,WIKIGENE"
"GNB2","ENSG00000172354","GNB2","G protein subunit beta 2 [Source:HGNC Symbol;Acc:HGNC:4398]","ENTREZGENE,GENECARDS,HGNC,UNIPROT_GN,WIKIGENE"
"SFRP2","ENSG00000145423","SFRP2","secreted frizzled related protein 2 [Source:HGNC Symbol;Acc:HGNC:10777]","ENTREZGENE,GENECARDS,HGNC,UNIPROT_GN,WIKIGENE"
"PCDH20","ENSG00000197991","None","novel protein","ENTREZGENE,GENECARDS,HGNC,UNIPROT_GN,WIKIGENE"
"PCDH20","ENSG00000280165","PCDH20","protocadherin 20 [Source:HGNC Symbol;Acc:HGNC:14257]","ENTREZGENE,GENECARDS,HGNC,UNIPROT_GN,WIKIGENE"
"PCDHGA5","ENSG00000253485","PCDHGA5","protocadherin gamma subfamily A, 5 [Source:HGNC Symbol;Acc:HGNC:8703]","ENTREZGENE,HGNC,UNIPROT_GN,WIKIGENE"
"PCDH1","ENSG00000156453","PCDH1","protocadherin 1 [Source:HGNC Symbol;Acc:HGNC:8655]","ENTREZGENE,GENECARDS,HGNC,UNIPROT_GN,WIKIGENE"
"NFATC2","ENSG00000101096","NFATC2","nuclear factor of activated T cells 2 [Source:HGNC Symbol;Acc:HGNC:7776]","ENTREZGENE,GENECARDS,HGNC,UNIPROT_GN,WIKIGENE"
"PCDHB7","ENSG00000113212","PCDHB7","protocadherin beta 7 [Source:HGNC Symbol;Acc:HGNC:8692]","ENTREZGENE,GENECARDS,HGNC,UNIPROT_GN,WIKIGENE"
"NLK","ENSG00000087095","NLK","nemo like kinase [Source:HGNC Symbol;Acc:HGNC:29858]","ENTREZGENE,GENECARDS,HGNC,UNIPROT_GN,WIKIGENE"
"WNT3","ENSG00000108379","WNT3","Wnt family member 3 [Source:HGNC Symbol;Acc:HGNC:12782]","ENTREZGENE,GENECARDS,HGNC,UNIPROT_GN,WIKIGENE"
"WNT5A","ENSG00000114251","WNT5A","Wnt family member 5A [Source:HGNC Symbol;Acc:HGNC:12784]","ENTREZGENE,GENECARDS,HGNC,UNIPROT_GN,WIKIGENE"
"FZD2","ENSG00000180340","FZD2","frizzled class receptor 2 [Source:HGNC Symbol;Acc:HGNC:4040]","ENTREZGENE,GENECARDS,HGNC,UNIPROT_GN,WIKIGENE"
"PRKCH","ENSG00000027075","PRKCH","protein kinase C eta [Source:HGNC Symbol;Acc:HGNC:9403]","ENTREZGENE,GENECARDS,HGNC,UNIPROT_GN,WIKIGENE"
"PCDHB11","ENSG00000197479","PCDHB11","protocadherin beta 11 [Source:HGNC Symbol;Acc:HGNC:8682]","ENTREZGENE,GENECARDS,HGNC,UNIPROT_GN,WIKIGENE"
"CREBBP","ENSG00000005339","CREBBP","CREB binding protein [Source:HGNC Symbol;Acc:HGNC:2348]","ENTREZGENE,GENECARDS,HGNC,UNIPROT_GN,WIKIGENE"
"SMARCC2","ENSG00000139613","SMARCC2","SWI/SNF related, matrix associated, actin dependent regulator of chromatin subfamily c member 2 [Source:HGNC Symbol;Acc:HGNC:11105]","ENTREZGENE,GENECARDS,HGNC,UNIPROT_GN,WIKIGENE"
"SIAH1","ENSG00000196470","SIAH1","siah E3 ubiquitin protein ligase 1 [Source:HGNC Symbol;Acc:HGNC:10857]","ENTREZGENE,GENECARDS,HGNC,UNIPROT_GN,WIKIGENE"
"FZD4","ENSG00000174804","FZD4","frizzled class receptor 4 [Source:HGNC Symbol;Acc:HGNC:4042]","ENTREZGENE,GENECARDS,HGNC,UNIPROT_GN,WIKIGENE"
"PPP2R5B","ENSG00000068971","PPP2R5B","protein phosphatase 2 regulatory subunit B'beta [Source:HGNC Symbol;Acc:HGNC:9310]","ENTREZGENE,GENECARDS,HGNC,UNIPROT_GN,WIKIGENE"
"FBXW11","ENSG00000072803","FBXW11","F-box and WD repeat domain containing 11 [Source:HGNC Symbol;Acc:HGNC:13607]","ENTREZGENE,GENECARDS,HGNC,UNIPROT_GN,WIKIGENE"
"GNG3","ENSG00000162188","GNG3","G protein subunit gamma 3 [Source:HGNC Symbol;Acc:HGNC:4405]","ENTREZGENE,GENECARDS,HGNC,UNIPROT_GN,WIKIGENE"
"WNT2","ENSG00000105989","WNT2","Wnt family member 2 [Source:HGNC Symbol;Acc:HGNC:12780]","ENTREZGENE,GENECARDS,HGNC,UNIPROT_GN,WIKIGENE"
"PCDHGA11","ENSG00000253873","PCDHGA11","protocadherin gamma subfamily A, 11 [Source:HGNC Symbol;Acc:HGNC:8698]","ENTREZGENE,GENECARDS,HGNC,UNIPROT_GN,WIKIGENE"
"PPP3CA","ENSG00000138814","PPP3CA","protein phosphatase 3 catalytic subunit alpha [Source:HGNC Symbol;Acc:HGNC:9314]","ENTREZGENE,GENECARDS,HGNC,UNIPROT_GN,WIKIGENE"
"FZD9","ENSG00000188763","FZD9","frizzled class receptor 9 [Source:HGNC Symbol;Acc:HGNC:4047]","ENTREZGENE,GENECARDS,HGNC,UNIPROT_GN,WIKIGENE"
"WNT2B","ENSG00000134245","WNT2B","Wnt family member 2B [Source:HGNC Symbol;Acc:HGNC:12781]","ENTREZGENE,GENECARDS,HGNC,UNIPROT_GN,WIKIGENE"
"PCDHGB6","ENSG00000253305","PCDHGB6","protocadherin gamma subfamily B, 6 [Source:HGNC Symbol;Acc:HGNC:8713]","ENTREZGENE,HGNC,UNIPROT_GN,WIKIGENE"
"PCDHGA12","ENSG00000253159","PCDHGA12","protocadherin gamma subfamily A, 12 [Source:HGNC Symbol;Acc:HGNC:8699]","ENTREZGENE,GENECARDS,HGNC,UNIPROT_GN,WIKIGENE"
"PCDHA7","ENSG00000204963","PCDHA7","protocadherin alpha 7 [Source:HGNC Symbol;Acc:HGNC:8673]","ENTREZGENE,GENECARDS,HGNC,UNIPROT_GN,WIKIGENE"
"KREMEN2","ENSG00000131650","KREMEN2","kringle containing transmembrane protein 2 [Source:HGNC Symbol;Acc:HGNC:18797]","ENTREZGENE,GENECARDS,HGNC,UNIPROT_GN,WIKIGENE"
"PPP2CB","ENSG00000104695","PPP2CB","protein phosphatase 2 catalytic subunit beta [Source:HGNC Symbol;Acc:HGNC:9300]","ENTREZGENE,GENECARDS,HGNC,UNIPROT_GN,WIKIGENE"
"MAP3K7","ENSG00000135341","MAP3K7","mitogen-activated protein kinase kinase kinase 7 [Source:HGNC Symbol;Acc:HGNC:6859]","ENTREZGENE,GENECARDS,HGNC,UNIPROT_GN,WIKIGENE"
"WNT5B","ENSG00000111186","WNT5B","Wnt family member 5B [Source:HGNC Symbol;Acc:HGNC:16265]","ENTREZGENE,GENECARDS,HGNC,UNIPROT_GN,WIKIGENE"
"PCDHB4","ENSG00000081818","PCDHB4","protocadherin beta 4 [Source:HGNC Symbol;Acc:HGNC:8689]","ENTREZGENE,GENECARDS,HGNC,UNIPROT_GN,WIKIGENE"
"WNT7B","ENSG00000188064","WNT7B","Wnt family member 7B [Source:HGNC Symbol;Acc:HGNC:12787]","ENTREZGENE,GENECARDS,HGNC,UNIPROT_GN,WIKIGENE"
"PLCB3","ENSG00000149782","PLCB3","phospholipase C beta 3 [Source:HGNC Symbol;Acc:HGNC:9056]","ENTREZGENE,GENECARDS,HGNC,UNIPROT_GN,WIKIGENE"
"DVL1","ENSG00000107404","DVL1","dishevelled segment polarity protein 1 [Source:HGNC Symbol;Acc:HGNC:3084]","ENTREZGENE,GENECARDS,HGNC,UNIPROT_GN,WIKIGENE"
"SMAD4","ENSG00000141646","SMAD4","SMAD family member 4 [Source:HGNC Symbol;Acc:HGNC:6770]","ENTREZGENE,GENECARDS,HGNC,UNIPROT_GN,WIKIGENE"
"PCDHA1","ENSG00000204970","PCDHA1","protocadherin alpha 1 [Source:HGNC Symbol;Acc:HGNC:8663]","ENTREZGENE,GENECARDS,HGNC,UNIPROT_GN,WIKIGENE"
"ITPR1","ENSG00000150995","ITPR1","inositol 1,4,5-trisphosphate receptor type 1 [Source:HGNC Symbol;Acc:HGNC:6180]","ENTREZGENE,GENECARDS,HGNC,UNIPROT_GN,WIKIGENE"
"GNG7","ENSG00000176533","GNG7","G protein subunit gamma 7 [Source:HGNC Symbol;Acc:HGNC:4410]","ENTREZGENE,GENECARDS,HGNC,UNIPROT_GN,WIKIGENE"
"PRKCD","ENSG00000163932","PRKCD","protein kinase C delta [Source:HGNC Symbol;Acc:HGNC:9399]","ENTREZGENE,GENECARDS,HGNC,UNIPROT_GN,WIKIGENE"
"BCL9","ENSG00000116128","BCL9","BCL9 transcription coactivator [Source:HGNC Symbol;Acc:HGNC:1008]","ENTREZGENE,GENECARDS,HGNC,UNIPROT_GN,WIKIGENE"
"DCHS1","ENSG00000166341","DCHS1","dachsous cadherin-related 1 [Source:HGNC Symbol;Acc:HGNC:13681]","ENTREZGENE,GENECARDS,HGNC,UNIPROT_GN,WIKIGENE"
"PCDHB15","ENSG00000113248","PCDHB15","protocadherin beta 15 [Source:HGNC Symbol;Acc:HGNC:8686]","ENTREZGENE,GENECARDS,HGNC,UNIPROT_GN,WIKIGENE"
"TCF7L1","ENSG00000152284","TCF7L1","transcription factor 7 like 1 [Source:HGNC Symbol;Acc:HGNC:11640]","ENTREZGENE,GENECARDS,HGNC,UNIPROT_GN,WIKIGENE"
"TLE6","ENSG00000104953","TLE6","TLE family member 6, subcortical maternal complex member [Source:HGNC Symbol;Acc:HGNC:30788]","ENTREZGENE,GENECARDS,HGNC,UNIPROT_GN,WIKIGENE"
"SMARCA5","ENSG00000153147","SMARCA5","SWI/SNF related, matrix associated, actin dependent regulator of chromatin, subfamily a, member 5 [Source:HGNC Symbol;Acc:HGNC:11101]","ENTREZGENE,GENECARDS,HGNC,UNIPROT_GN,WIKIGENE"
"PRKCG","ENSG00000126583","PRKCG","protein kinase C gamma [Source:HGNC Symbol;Acc:HGNC:9402]","ENTREZGENE,GENECARDS,HGNC,UNIPROT_GN,WIKIGENE"
"SFRP5","ENSG00000120057","SFRP5","secreted frizzled related protein 5 [Source:HGNC Symbol;Acc:HGNC:10779]","ENTREZGENE,GENECARDS,HGNC,UNIPROT_GN,WIKIGENE"
"LEF1","ENSG00000138795","LEF1","lymphoid enhancer binding factor 1 [Source:HGNC Symbol;Acc:HGNC:6551]","ENTREZGENE,GENECARDS,HGNC,UNIPROT_GN,WIKIGENE"
"WNT9A","ENSG00000143816","WNT9A","Wnt family member 9A [Source:HGNC Symbol;Acc:HGNC:12778]","ENTREZGENE,GENECARDS,HGNC,UNIPROT_GN,WIKIGENE"
"CDHR1","ENSG00000148600","CDHR1","cadherin related family member 1 [Source:HGNC Symbol;Acc:HGNC:14550]","ENTREZGENE,GENECARDS,HGNC,UNIPROT_GN,WIKIGENE"
"PCDHB6","ENSG00000113211","PCDHB6","protocadherin beta 6 [Source:HGNC Symbol;Acc:HGNC:8691]","ENTREZGENE,GENECARDS,HGNC,UNIPROT_GN,WIKIGENE"
"SMARCA1","ENSG00000102038","SMARCA1","SWI/SNF related, matrix associated, actin dependent regulator of chromatin, subfamily a, member 1 [Source:HGNC Symbol;Acc:HGNC:11097]","ENTREZGENE,GENECARDS,HGNC,UNIPROT_GN,WIKIGENE"
"PRKCA","ENSG00000154229","PRKCA","protein kinase C alpha [Source:HGNC Symbol;Acc:HGNC:9393]","ENTREZGENE,GENECARDS,HGNC,UNIPROT_GN,WIKIGENE"
"PPP2R5E","ENSG00000154001","PPP2R5E","protein phosphatase 2 regulatory subunit B'epsilon [Source:HGNC Symbol;Acc:HGNC:9313]","ENTREZGENE,GENECARDS,HGNC,UNIPROT_GN,WIKIGENE"
"DACT1","ENSG00000165617","DACT1","dishevelled binding antagonist of beta catenin 1 [Source:HGNC Symbol;Acc:HGNC:17748]","ENTREZGENE,GENECARDS,HGNC,UNIPROT_GN,WIKIGENE"
"PCDHGB2","ENSG00000253910","PCDHGB2","protocadherin gamma subfamily B, 2 [Source:HGNC Symbol;Acc:HGNC:8709]","ENTREZGENE,HGNC,UNIPROT_GN,WIKIGENE"
"LRP6","ENSG00000070018","LRP6","LDL receptor related protein 6 [Source:HGNC Symbol;Acc:HGNC:6698]","ENTREZGENE,GENECARDS,HGNC,UNIPROT_GN,WIKIGENE"
"GNG12","ENSG00000172380","GNG12","G protein subunit gamma 12 [Source:HGNC Symbol;Acc:HGNC:19663]","ENTREZGENE,GENECARDS,HGNC,UNIPROT_GN,WIKIGENE"
"TBL1XR1","ENSG00000177565","TBL1XR1","TBL1X/Y related 1 [Source:HGNC Symbol;Acc:HGNC:29529]","ENTREZGENE,GENECARDS,HGNC,UNIPROT_GN,WIKIGENE"
"SMARCC1","ENSG00000173473","SMARCC1","SWI/SNF related, matrix associated, actin dependent regulator of chromatin subfamily c member 1 [Source:HGNC Symbol;Acc:HGNC:11104]","ENTREZGENE,GENECARDS,HGNC,UNIPROT_GN,WIKIGENE"
"PRKCQ","ENSG00000065675","PRKCQ","protein kinase C theta [Source:HGNC Symbol;Acc:HGNC:9410]","ENTREZGENE,GENECARDS,HGNC,UNIPROT_GN,WIKIGENE"
"SMARCB1","ENSG00000099956","SMARCB1","SWI/SNF related, matrix associated, actin dependent regulator of chromatin, subfamily b, member 1 [Source:HGNC Symbol;Acc:HGNC:11103]","ENTREZGENE,GENECARDS,HGNC,UNIPROT_GN,WIKIGENE"
"PCDHA10","ENSG00000250120","PCDHA10","protocadherin alpha 10 [Source:HGNC Symbol;Acc:HGNC:8664]","ENTREZGENE,GENECARDS,HGNC,UNIPROT_GN,WIKIGENE"
"SMARCD1","ENSG00000066117","SMARCD1","SWI/SNF related, matrix associated, actin dependent regulator of chromatin, subfamily d, member 1 [Source:HGNC Symbol;Acc:HGNC:11106]","ENTREZGENE,GENECARDS,HGNC,UNIPROT_GN,WIKIGENE"
"GNA11","ENSG00000088256","GNA11","G protein subunit alpha 11 [Source:HGNC Symbol;Acc:HGNC:4379]","ENTREZGENE,GENECARDS,HGNC,UNIPROT_GN,WIKIGENE"
"TBL1Y","ENSG00000092377","TBL1Y","transducin beta like 1 Y-linked [Source:HGNC Symbol;Acc:HGNC:18502]","ENTREZGENE,GENECARDS,HGNC,UNIPROT_GN,WIKIGENE"
"PPP3CC","ENSG00000120910","PPP3CC","protein phosphatase 3 catalytic subunit gamma [Source:HGNC Symbol;Acc:HGNC:9316]","ENTREZGENE,GENECARDS,HGNC,UNIPROT_GN,WIKIGENE"
"FZD3","ENSG00000104290","FZD3","frizzled class receptor 3 [Source:HGNC Symbol;Acc:HGNC:4041]","ENTREZGENE,GENECARDS,HGNC,UNIPROT_GN,WIKIGENE"
"GNB1","ENSG00000078369","GNB1","G protein subunit beta 1 [Source:HGNC Symbol;Acc:HGNC:4396]","ENTREZGENE,GENECARDS,HGNC,UNIPROT_GN,WIKIGENE"
"PCDHGA3","ENSG00000254245","PCDHGA3","protocadherin gamma subfamily A, 3 [Source:HGNC Symbol;Acc:HGNC:8701]","ENTREZGENE,GENECARDS,HGNC,UNIPROT_GN,WIKIGENE"
"CSNK1D","ENSG00000141551","CSNK1D","casein kinase 1 delta [Source:HGNC Symbol;Acc:HGNC:2452]","ENTREZGENE,GENECARDS,HGNC,UNIPROT_GN,WIKIGENE"
"CDH9","ENSG00000113100","CDH9","cadherin 9 [Source:HGNC Symbol;Acc:HGNC:1768]","ENTREZGENE,GENECARDS,HGNC,UNIPROT_GN,WIKIGENE"
"PCDH19","ENSG00000165194","PCDH19","protocadherin 19 [Source:HGNC Symbol;Acc:HGNC:14270]","ENTREZGENE,GENECARDS,HGNC,UNIPROT_GN,WIKIGENE"
"SMARCD2","ENSG00000108604","SMARCD2","SWI/SNF related, matrix associated, actin dependent regulator of chromatin, subfamily d, member 2 [Source:HGNC Symbol;Acc:HGNC:11107]","ENTREZGENE,GENECARDS,HGNC,UNIPROT_GN,WIKIGENE"
"PCDHA6","ENSG00000081842","PCDHA6","protocadherin alpha 6 [Source:HGNC Symbol;Acc:HGNC:8672]","ENTREZGENE,GENECARDS,HGNC,UNIPROT_GN,WIKIGENE"
"PCDHB3","ENSG00000112852","PCDHB2","protocadherin beta 2 [Source:HGNC Symbol;Acc:HGNC:8687]","ENTREZGENE,GENECARDS,HGNC,UNIPROT_GN,WIKIGENE"
"PCDHB3","ENSG00000113205","PCDHB3","protocadherin beta 3 [Source:HGNC Symbol;Acc:HGNC:8688]","ENTREZGENE,GENECARDS,HGNC,UNIPROT_GN,WIKIGENE"
"HLTF","ENSG00000071794","HLTF","helicase like transcription factor [Source:HGNC Symbol;Acc:HGNC:11099]","ENTREZGENE,GENECARDS,HGNC,UNIPROT_GN,WIKIGENE"
"PCDHB8","ENSG00000120322","PCDHB8","protocadherin beta 8 [Source:HGNC Symbol;Acc:HGNC:8693]","ENTREZGENE,GENECARDS,HGNC,UNIPROT_GN,WIKIGENE"
"HDAC1","ENSG00000116478","HDAC1","histone deacetylase 1 [Source:HGNC Symbol;Acc:HGNC:4852]","ENTREZGENE,GENECARDS,HGNC,UNIPROT_GN,WIKIGENE"
"PYGO1","ENSG00000171016","PYGO1","pygopus family PHD finger 1 [Source:HGNC Symbol;Acc:HGNC:30256]","ENTREZGENE,GENECARDS,HGNC,UNIPROT_GN,WIKIGENE"
"CDH19","ENSG00000071991","CDH19","cadherin 19 [Source:HGNC Symbol;Acc:HGNC:1758]","ENTREZGENE,GENECARDS,HGNC,UNIPROT_GN,WIKIGENE"
"GNG5","ENSG00000174021","GNG5","G protein subunit gamma 5 [Source:HGNC Symbol;Acc:HGNC:4408]","ENTREZGENE,GENECARDS,HGNC,UNIPROT_GN,WIKIGENE"
"PCDH15","ENSG00000150275","PCDH15","protocadherin related 15 [Source:HGNC Symbol;Acc:HGNC:14674]","ENTREZGENE,GENECARDS,HGNC,UNIPROT_GN,WIKIGENE"
"GNAQ","ENSG00000156052","GNAQ","G protein subunit alpha q [Source:HGNC Symbol;Acc:HGNC:4390]","ENTREZGENE,GENECARDS,HGNC,UNIPROT_GN,WIKIGENE"
"CDH4","ENSG00000179242","CDH4","cadherin 4 [Source:HGNC Symbol;Acc:HGNC:1763]","ENTREZGENE,GENECARDS,HGNC,UNIPROT_GN,WIKIGENE"
"PCDHGC5","ENSG00000240764","PCDHGC5","protocadherin gamma subfamily C, 5 [Source:HGNC Symbol;Acc:HGNC:8718]","ENTREZGENE,GENECARDS,HGNC,UNIPROT_GN,WIKIGENE"
"CELSR2","ENSG00000143126","CELSR2","cadherin EGF LAG seven-pass G-type receptor 2 [Source:HGNC Symbol;Acc:HGNC:3231]","ENTREZGENE,GENECARDS,HGNC,UNIPROT_GN,WIKIGENE"
"WNT10A","ENSG00000135925","WNT10A","Wnt family member 10A [Source:HGNC Symbol;Acc:HGNC:13829]","ENTREZGENE,GENECARDS,HGNC,UNIPROT_GN,WIKIGENE"
"PLCB4","ENSG00000101333","PLCB4","phospholipase C beta 4 [Source:HGNC Symbol;Acc:HGNC:9059]","ENTREZGENE,GENECARDS,HGNC,UNIPROT_GN,WIKIGENE"
"PCDHGA7","ENSG00000253537","PCDHGA7","protocadherin gamma subfamily A, 7 [Source:HGNC Symbol;Acc:HGNC:8705]","ENTREZGENE,HGNC,UNIPROT_GN,WIKIGENE"
"PCDH11X","ENSG00000099715","PCDH11Y","protocadherin 11 Y-linked [Source:HGNC Symbol;Acc:HGNC:15813]","ENTREZGENE,GENECARDS,HGNC,UNIPROT_GN,WIKIGENE"
"PCDH11X","ENSG00000102290","PCDH11X","protocadherin 11 X-linked [Source:HGNC Symbol;Acc:HGNC:8656]","ENTREZGENE,GENECARDS,HGNC,UNIPROT_GN,WIKIGENE"
"PCDHB10","ENSG00000120324","PCDHB10","protocadherin beta 10 [Source:HGNC Symbol;Acc:HGNC:8681]","ENTREZGENE,GENECARDS,HGNC,UNIPROT_GN,WIKIGENE"
"CTBP1","ENSG00000159692","CTBP1","C-terminal binding protein 1 [Source:HGNC Symbol;Acc:HGNC:2494]","ENTREZGENE,GENECARDS,HGNC,UNIPROT_GN,WIKIGENE"
"CTNNB1","ENSG00000168036","CTNNB1","catenin beta 1 [Source:HGNC Symbol;Acc:HGNC:2514]","ENTREZGENE,GENECARDS,HGNC,UNIPROT_GN,WIKIGENE"
"SMARCE1","ENSG00000073584","SMARCE1","SWI/SNF related, matrix associated, actin dependent regulator of chromatin, subfamily e, member 1 [Source:HGNC Symbol;Acc:HGNC:11109]","ENTREZGENE,GENECARDS,HGNC,UNIPROT_GN,WIKIGENE"
"WNT3A","ENSG00000154342","WNT3A","Wnt family member 3A [Source:HGNC Symbol;Acc:HGNC:15983]","ENTREZGENE,GENECARDS,HGNC,UNIPROT_GN,WIKIGENE"
"CDH6","ENSG00000113361","CDH6","cadherin 6 [Source:HGNC Symbol;Acc:HGNC:1765]","ENTREZGENE,GENECARDS,HGNC,UNIPROT_GN,WIKIGENE"
"PCDHA3","ENSG00000255408","PCDHA3","protocadherin alpha 3 [Source:HGNC Symbol;Acc:HGNC:8669]","ENTREZGENE,GENECARDS,HGNC,UNIPROT_GN,WIKIGENE"
"PCDHA2","ENSG00000204969","PCDHA2","protocadherin alpha 2 [Source:HGNC Symbol;Acc:HGNC:8668]","ENTREZGENE,GENECARDS,HGNC,UNIPROT_GN,WIKIGENE"
"PCDHGC3","ENSG00000240184","PCDHGC3","protocadherin gamma subfamily C, 3 [Source:HGNC Symbol;Acc:HGNC:8716]","ENTREZGENE,GENECARDS,HGNC,UNIPROT_GN,WIKIGENE"
"CDH20","ENSG00000101542","CDH20","cadherin 20 [Source:HGNC Symbol;Acc:HGNC:1760]","ENTREZGENE,GENECARDS,HGNC,UNIPROT_GN,WIKIGENE"
"INO80","ENSG00000128908","INO80","INO80 complex ATPase subunit [Source:HGNC Symbol;Acc:HGNC:26956]","ENTREZGENE,GENECARDS,HGNC,UNIPROT_GN,WIKIGENE"
"DVL2","ENSG00000004975","DVL2","dishevelled segment polarity protein 2 [Source:HGNC Symbol;Acc:HGNC:3086]","ENTREZGENE,GENECARDS,HGNC,UNIPROT_GN,WIKIGENE"
"BTRC","ENSG00000166167","BTRC","beta-transducin repeat containing E3 ubiquitin protein ligase [Source:HGNC Symbol;Acc:HGNC:1144]","ENTREZGENE,GENECARDS,HGNC,UNIPROT_GN,WIKIGENE"
"PCDHB12","ENSG00000120328","PCDHB12","protocadherin beta 12 [Source:HGNC Symbol;Acc:HGNC:8683]","ENTREZGENE,GENECARDS,HGNC,UNIPROT_GN,WIKIGENE"
"PLCB1","ENSG00000182621","PLCB1","phospholipase C beta 1 [Source:HGNC Symbol;Acc:HGNC:15917]","ENTREZGENE,GENECARDS,HGNC,UNIPROT_GN,WIKIGENE"
"KREMEN1","ENSG00000183762","KREMEN1","kringle containing transmembrane protein 1 [Source:HGNC Symbol;Acc:HGNC:17550]","ENTREZGENE,GENECARDS,HGNC,UNIPROT_GN,WIKIGENE"
"GNG13","ENSG00000127588","GNG13","G protein subunit gamma 13 [Source:HGNC Symbol;Acc:HGNC:14131]","ENTREZGENE,GENECARDS,HGNC,UNIPROT_GN,WIKIGENE"
"SFRP4","ENSG00000106483","SFRP4","secreted frizzled related protein 4 [Source:HGNC Symbol;Acc:HGNC:10778]","ENTREZGENE,GENECARDS,HGNC,UNIPROT_GN,WIKIGENE"
"GNB3","ENSG00000111664","GNB3","G protein subunit beta 3 [Source:HGNC Symbol;Acc:HGNC:4400]","ENTREZGENE,GENECARDS,HGNC,UNIPROT_GN,WIKIGENE"
"FZD5","ENSG00000163251","FZD5","frizzled class receptor 5 [Source:HGNC Symbol;Acc:HGNC:4043]","ENTREZGENE,GENECARDS,HGNC,UNIPROT_GN,WIKIGENE"
"PCDH18","ENSG00000189184","PCDH18","protocadherin 18 [Source:HGNC Symbol;Acc:HGNC:14268]","ENTREZGENE,GENECARDS,HGNC,UNIPROT_GN,WIKIGENE"
"CSNK1A1L","ENSG00000180138","CSNK1A1L","casein kinase 1 alpha 1 like [Source:HGNC Symbol;Acc:HGNC:20289]","ENTREZGENE,GENECARDS,HGNC,UNIPROT_GN,WIKIGENE"
"PCDHA13","ENSG00000239389","PCDHA13","protocadherin alpha 13 [Source:HGNC Symbol;Acc:HGNC:8667]","ENTREZGENE,GENECARDS,HGNC,UNIPROT_GN,WIKIGENE"
"TLE1","ENSG00000196781","TLE1","TLE family member 1, transcriptional corepressor [Source:HGNC Symbol;Acc:HGNC:11837]","ENTREZGENE,GENECARDS,HGNC,UNIPROT_GN,WIKIGENE"
"GNG10","ENSG00000242616","GNG10","G protein subunit gamma 10 [Source:HGNC Symbol;Acc:HGNC:4402]","ENTREZGENE,GENECARDS,HGNC,UNIPROT_GN,WIKIGENE"
"CDH7","ENSG00000081138","CDH7","cadherin 7 [Source:HGNC Symbol;Acc:HGNC:1766]","ENTREZGENE,GENECARDS,HGNC,UNIPROT_GN,WIKIGENE"
"PCDHGC4","ENSG00000242419","PCDHGC4","protocadherin gamma subfamily C, 4 [Source:HGNC Symbol;Acc:HGNC:8717]","ENTREZGENE,GENECARDS,HGNC,UNIPROT_GN,WIKIGENE"
"CELSR3","ENSG00000008300","CELSR3","cadherin EGF LAG seven-pass G-type receptor 3 [Source:HGNC Symbol;Acc:HGNC:3230]","ENTREZGENE,GENECARDS,HGNC,UNIPROT_GN,WIKIGENE"
"ANKRD6","ENSG00000135299","ANKRD6","ankyrin repeat domain 6 [Source:HGNC Symbol;Acc:HGNC:17280]","ENTREZGENE,GENECARDS,HGNC,UNIPROT_GN,WIKIGENE"
"CER1","ENSG00000147869","CER1","cerberus 1, DAN family BMP antagonist [Source:HGNC Symbol;Acc:HGNC:1862]","ENTREZGENE,GENECARDS,HGNC,UNIPROT_GN,WIKIGENE"
"CITED1","ENSG00000125931","CITED1","Cbp/p300 interacting transactivator with Glu/Asp rich carboxy-terminal domain 1 [Source:HGNC Symbol;Acc:HGNC:1986]","ENTREZGENE,GENECARDS,HGNC,UNIPROT_GN,WIKIGENE"
"MSTN","ENSG00000138379","MSTN","myostatin [Source:HGNC Symbol;Acc:HGNC:4223]","ENTREZGENE,GENECARDS,HGNC,UNIPROT_GN,WIKIGENE"
"BMP3","ENSG00000152785","BMP3","bone morphogenetic protein 3 [Source:HGNC Symbol;Acc:HGNC:1070]","ENTREZGENE,GENECARDS,HGNC,UNIPROT_GN,WIKIGENE"
"SMAD9","ENSG00000120693","SMAD9","SMAD family member 9 [Source:HGNC Symbol;Acc:HGNC:6774]","ENTREZGENE,GENECARDS,HGNC,UNIPROT_GN,WIKIGENE"
"FOXH1","ENSG00000160973","FOXH1","forkhead box H1 [Source:HGNC Symbol;Acc:HGNC:3814]","ENTREZGENE,GENECARDS,HGNC,UNIPROT_GN,WIKIGENE"
"BMP8A","ENSG00000183682","BMP8A","bone morphogenetic protein 8a [Source:HGNC Symbol;Acc:HGNC:21650]","ENTREZGENE,GENECARDS,HGNC,UNIPROT_GN,WIKIGENE"
"BMP8B","ENSG00000116985","BMP8B","bone morphogenetic protein 8b [Source:HGNC Symbol;Acc:HGNC:1075]","ENTREZGENE,GENECARDS,HGNC,UNIPROT_GN,WIKIGENE"
"INHBE","ENSG00000139269","INHBE","inhibin subunit beta E [Source:HGNC Symbol;Acc:HGNC:24029]","ENTREZGENE,GENECARDS,HGNC,UNIPROT_GN,WIKIGENE"
"BAMBI","ENSG00000095739","BAMBI","BMP and activin membrane bound inhibitor [Source:HGNC Symbol;Acc:HGNC:30251]","ENTREZGENE,GENECARDS,HGNC,UNIPROT_GN,WIKIGENE"
"GDF2","ENSG00000263761","GDF2","growth differentiation factor 2 [Source:HGNC Symbol;Acc:HGNC:4217]","ENTREZGENE,GENECARDS,HGNC,UNIPROT_GN,WIKIGENE"
"SNIP1","ENSG00000163877","SNIP1","Smad nuclear interacting protein 1 [Source:HGNC Symbol;Acc:HGNC:30587]","ENTREZGENE,GENECARDS,HGNC,UNIPROT_GN,WIKIGENE"
"SMAD7","ENSG00000101665","SMAD7","SMAD family member 7 [Source:HGNC Symbol;Acc:HGNC:6773]","ENTREZGENE,GENECARDS,HGNC,UNIPROT_GN,WIKIGENE"
"BMP4","ENSG00000125378","BMP4","bone morphogenetic protein 4 [Source:HGNC Symbol;Acc:HGNC:1071]","ENTREZGENE,GENECARDS,HGNC,UNIPROT_GN,WIKIGENE"
"HRAS","ENSG00000174775","HRAS","HRas proto-oncogene, GTPase [Source:HGNC Symbol;Acc:HGNC:5173]","ENTREZGENE,GENECARDS,HGNC,UNIPROT_GN,WIKIGENE"
"BMP5","ENSG00000112175","BMP5","bone morphogenetic protein 5 [Source:HGNC Symbol;Acc:HGNC:1072]","ENTREZGENE,GENECARDS,HGNC,UNIPROT_GN,WIKIGENE"
"CREBBP","ENSG00000005339","CREBBP","CREB binding protein [Source:HGNC Symbol;Acc:HGNC:2348]","ENTREZGENE,GENECARDS,HGNC,UNIPROT_GN,WIKIGENE"
"SMAD3","ENSG00000166949","SMAD3","SMAD family member 3 [Source:HGNC Symbol;Acc:HGNC:6769]","ENTREZGENE,GENECARDS,HGNC,UNIPROT_GN,WIKIGENE"
"MAPK12","ENSG00000188130","MAPK12","mitogen-activated protein kinase 12 [Source:HGNC Symbol;Acc:HGNC:6874]","ENTREZGENE,GENECARDS,HGNC,UNIPROT_GN,WIKIGENE"
"MAPK11","ENSG00000185386","MAPK11","mitogen-activated protein kinase 11 [Source:HGNC Symbol;Acc:HGNC:6873]","ENTREZGENE,GENECARDS,HGNC,UNIPROT_GN,WIKIGENE"
"MAPK13","ENSG00000156711","MAPK13","mitogen-activated protein kinase 13 [Source:HGNC Symbol;Acc:HGNC:6875]","ENTREZGENE,GENECARDS,HGNC,UNIPROT_GN,WIKIGENE"
"RRAS","ENSG00000126458","RRAS","RAS related [Source:HGNC Symbol;Acc:HGNC:10447]","ENTREZGENE,GENECARDS,HGNC,UNIPROT_GN,WIKIGENE"
"INHBC","ENSG00000175189","INHBC","inhibin subunit beta C [Source:HGNC Symbol;Acc:HGNC:6068]","ENTREZGENE,GENECARDS,HGNC,UNIPROT_GN,WIKIGENE"
"TGFBR1","ENSG00000106799","TGFBR1","transforming growth factor beta receptor 1 [Source:HGNC Symbol;Acc:HGNC:11772]","ENTREZGENE,GENECARDS,HGNC,UNIPROT_GN,WIKIGENE"
"TLL2","ENSG00000095587","TLL2","tolloid like 2 [Source:HGNC Symbol;Acc:HGNC:11844]","ENTREZGENE,GENECARDS,HGNC,UNIPROT_GN,WIKIGENE"
"MAP3K7","ENSG00000135341","MAP3K7","mitogen-activated protein kinase kinase kinase 7 [Source:HGNC Symbol;Acc:HGNC:6859]","ENTREZGENE,GENECARDS,HGNC,UNIPROT_GN,WIKIGENE"
"BMP6","ENSG00000153162","BMP6","bone morphogenetic protein 6 [Source:HGNC Symbol;Acc:HGNC:1073]","ENTREZGENE,GENECARDS,HGNC,UNIPROT_GN,WIKIGENE"
"JUNB","ENSG00000171223","JUNB","JunB proto-oncogene, AP-1 transcription factor subunit [Source:HGNC Symbol;Acc:HGNC:6205]","ENTREZGENE,GENECARDS,HGNC,UNIPROT_GN,WIKIGENE"
"FOSL1","ENSG00000175592","FOSL1","FOS like 1, AP-1 transcription factor subunit [Source:HGNC Symbol;Acc:HGNC:13718]","ENTREZGENE,GENECARDS,HGNC,UNIPROT_GN,WIKIGENE"
"SKI","ENSG00000157933","SKI","SKI proto-oncogene [Source:HGNC Symbol;Acc:HGNC:10896]","ENTREZGENE,GENECARDS,HGNC,UNIPROT_GN,WIKIGENE"
"MAP3K7CL","ENSG00000156265","MAP3K7CL","MAP3K7 C-terminal like [Source:HGNC Symbol;Acc:HGNC:16457]","ENTREZGENE,GENECARDS,HGNC,UNIPROT_GN,WIKIGENE"
"GDF11","ENSG00000135414","GDF11","growth differentiation factor 11 [Source:HGNC Symbol;Acc:HGNC:4216]","ENTREZGENE,GENECARDS,HGNC,UNIPROT_GN,WIKIGENE"
"GDF7","ENSG00000143869","GDF7","growth differentiation factor 7 [Source:HGNC Symbol;Acc:HGNC:4222]","ENTREZGENE,GENECARDS,HGNC,UNIPROT_GN,WIKIGENE"
"BMPR1B","ENSG00000138696","BMPR1B","bone morphogenetic protein receptor type 1B [Source:HGNC Symbol;Acc:HGNC:1077]","ENTREZGENE,GENECARDS,HGNC,UNIPROT_GN,WIKIGENE"
"MAPK8","ENSG00000107643","MAPK8","mitogen-activated protein kinase 8 [Source:HGNC Symbol;Acc:HGNC:6881]","ENTREZGENE,GENECARDS,HGNC,UNIPROT_GN,WIKIGENE"
"GDNF","ENSG00000168621","GDNF","glial cell derived neurotrophic factor [Source:HGNC Symbol;Acc:HGNC:4232]","ENTREZGENE,GENECARDS,HGNC,UNIPROT_GN,WIKIGENE"
"NRAS","ENSG00000213281","NRAS","NRAS proto-oncogene, GTPase [Source:HGNC Symbol;Acc:HGNC:7989]","ENTREZGENE,GENECARDS,HGNC,UNIPROT_GN,WIKIGENE"
"ACVR1C","ENSG00000123612","ACVR1C","activin A receptor type 1C [Source:HGNC Symbol;Acc:HGNC:18123]","ENTREZGENE,GENECARDS,HGNC,UNIPROT_GN,WIKIGENE"
"BMP15","ENSG00000130385","BMP15","bone morphogenetic protein 15 [Source:HGNC Symbol;Acc:HGNC:1068]","ENTREZGENE,GENECARDS,HGNC,UNIPROT_GN,WIKIGENE"
"MAPK3","ENSG00000102882","MAPK3","mitogen-activated protein kinase 3 [Source:HGNC Symbol;Acc:HGNC:6877]","ENTREZGENE,GENECARDS,HGNC,UNIPROT_GN,WIKIGENE"
"ACVRL1","ENSG00000139567","ACVRL1","activin A receptor like type 1 [Source:HGNC Symbol;Acc:HGNC:175]","ENTREZGENE,GENECARDS,HGNC,UNIPROT_GN,WIKIGENE"
"AMHR2","ENSG00000135409","AMHR2","anti-Mullerian hormone receptor type 2 [Source:HGNC Symbol;Acc:HGNC:465]","ENTREZGENE,GENECARDS,HGNC,UNIPROT_GN,WIKIGENE"
"SMAD2","ENSG00000175387","SMAD2","SMAD family member 2 [Source:HGNC Symbol;Acc:HGNC:6768]","ENTREZGENE,GENECARDS,HGNC,UNIPROT_GN,WIKIGENE"
"SMURF1","ENSG00000198742","SMURF1","SMAD specific E3 ubiquitin protein ligase 1 [Source:HGNC Symbol;Acc:HGNC:16807]","ENTREZGENE,GENECARDS,HGNC,UNIPROT_GN,WIKIGENE"
"SMAD4","ENSG00000141646","SMAD4","SMAD family member 4 [Source:HGNC Symbol;Acc:HGNC:6770]","ENTREZGENE,GENECARDS,HGNC,UNIPROT_GN,WIKIGENE"
"BMP7","ENSG00000101144","BMP7","bone morphogenetic protein 7 [Source:HGNC Symbol;Acc:HGNC:1074]","ENTREZGENE,GENECARDS,HGNC,UNIPROT_GN,WIKIGENE"
"BMP1","ENSG00000168487","BMP1","bone morphogenetic protein 1 [Source:HGNC Symbol;Acc:HGNC:1067]","ENTREZGENE,GENECARDS,HGNC,UNIPROT_GN,WIKIGENE"
"ACVR2B","ENSG00000114739","ACVR2B","activin A receptor type 2B [Source:HGNC Symbol;Acc:HGNC:174]","ENTREZGENE,GENECARDS,HGNC,UNIPROT_GN,WIKIGENE"
"LEFTY2","ENSG00000143768","LEFTY2","left-right determination factor 2 [Source:HGNC Symbol;Acc:HGNC:3122]","ENTREZGENE,GENECARDS,HGNC,UNIPROT_GN,WIKIGENE"
"CITED2","ENSG00000164442","CITED2","Cbp/p300 interacting transactivator with Glu/Asp rich carboxy-terminal domain 2 [Source:HGNC Symbol;Acc:HGNC:1987]","ENTREZGENE,GENECARDS,HGNC,UNIPROT_GN,WIKIGENE"
"INHBB","ENSG00000163083","INHBB","inhibin subunit beta B [Source:HGNC Symbol;Acc:HGNC:6067]","ENTREZGENE,GENECARDS,HGNC,UNIPROT_GN,WIKIGENE"
"GDF5","ENSG00000125965","GDF5","growth differentiation factor 5 [Source:HGNC Symbol;Acc:HGNC:4220]","ENTREZGENE,GENECARDS,HGNC,UNIPROT_GN,WIKIGENE"
"ACVR1B","ENSG00000135503","ACVR1B","activin A receptor type 1B [Source:HGNC Symbol;Acc:HGNC:172]","ENTREZGENE,GENECARDS,HGNC,UNIPROT_GN,WIKIGENE"
"MAPK14","ENSG00000112062","MAPK14","mitogen-activated protein kinase 14 [Source:HGNC Symbol;Acc:HGNC:6876]","ENTREZGENE,GENECARDS,HGNC,UNIPROT_GN,WIKIGENE"
"SKIL","ENSG00000136603","SKIL","SKI like proto-oncogene [Source:HGNC Symbol;Acc:HGNC:10897]","ENTREZGENE,GENECARDS,HGNC,UNIPROT_GN,WIKIGENE"
"SMAD1","ENSG00000170365","SMAD1","SMAD family member 1 [Source:HGNC Symbol;Acc:HGNC:6767]","ENTREZGENE,GENECARDS,HGNC,UNIPROT_GN,WIKIGENE"
"GDF15","ENSG00000130513","GDF15","growth differentiation factor 15 [Source:HGNC Symbol;Acc:HGNC:30142]","ENTREZGENE,GENECARDS,HGNC,UNIPROT_GN,WIKIGENE"
"SMURF2","ENSG00000108854","SMURF2","SMAD specific E3 ubiquitin protein ligase 2 [Source:HGNC Symbol;Acc:HGNC:16809]","ENTREZGENE,GENECARDS,HGNC,UNIPROT_GN,WIKIGENE"
"NODAL","ENSG00000156574","NODAL","nodal growth differentiation factor [Source:HGNC Symbol;Acc:HGNC:7865]","ENTREZGENE,GENECARDS,HGNC,UNIPROT_GN,WIKIGENE"
"SMAD6","ENSG00000137834","SMAD6","SMAD family member 6 [Source:HGNC Symbol;Acc:HGNC:6772]","ENTREZGENE,GENECARDS,HGNC,UNIPROT_GN,WIKIGENE"
"TGFB3","ENSG00000119699","TGFB3","transforming growth factor beta 3 [Source:HGNC Symbol;Acc:HGNC:11769]","ENTREZGENE,GENECARDS,HGNC,UNIPROT_GN,WIKIGENE"
"JUN","ENSG00000177606","JUN","Jun proto-oncogene, AP-1 transcription factor subunit [Source:HGNC Symbol;Acc:HGNC:6204]","ENTREZGENE,GENECARDS,HGNC,UNIPROT_GN,WIKIGENE"
"ZFYVE9","ENSG00000157077","ZFYVE9","zinc finger FYVE-type containing 9 [Source:HGNC Symbol;Acc:HGNC:6775]","ENTREZGENE,GENECARDS,HGNC,UNIPROT_GN,WIKIGENE"
"TGFB2","ENSG00000092969","TGFB2","transforming growth factor beta 2 [Source:HGNC Symbol;Acc:HGNC:11768]","ENTREZGENE,GENECARDS,HGNC,UNIPROT_GN,WIKIGENE"
"DCP1B","ENSG00000151065","DCP1B","decapping mRNA 1B [Source:HGNC Symbol;Acc:HGNC:24451]","ENTREZGENE,GENECARDS,HGNC,UNIPROT_GN,WIKIGENE"
"BMP10","ENSG00000163217","BMP10","bone morphogenetic protein 10 [Source:HGNC Symbol;Acc:HGNC:20869]","ENTREZGENE,GENECARDS,HGNC,UNIPROT_GN,WIKIGENE"
"GDF1","ENSG00000130283","GDF1","growth differentiation factor 1 [Source:HGNC Symbol;Acc:HGNC:4214]","ENTREZGENE,GENECARDS,HGNC,UNIPROT_GN,WIKIGENE"
"ATF2","ENSG00000115966","ATF2","activating transcription factor 2 [Source:HGNC Symbol;Acc:HGNC:784]","ENTREZGENE,GENECARDS,HGNC,UNIPROT_GN,WIKIGENE"
"ACVR2A","ENSG00000121989","ACVR2A","activin A receptor type 2A [Source:HGNC Symbol;Acc:HGNC:173]","ENTREZGENE,GENECARDS,HGNC,UNIPROT_GN,WIKIGENE"
"GDF9","ENSG00000164404","GDF9","growth differentiation factor 9 [Source:HGNC Symbol;Acc:HGNC:4224]","ENTREZGENE,GENECARDS,HGNC,UNIPROT_GN,WIKIGENE"
"GDF3","ENSG00000184344","GDF3","growth differentiation factor 3 [Source:HGNC Symbol;Acc:HGNC:4218]","ENTREZGENE,GENECARDS,HGNC,UNIPROT_GN,WIKIGENE"
"GDF10","ENSG00000266524","GDF10","growth differentiation factor 10 [Source:HGNC Symbol;Acc:HGNC:4215]","ENTREZGENE,GENECARDS,HGNC,UNIPROT_GN,WIKIGENE"
"TAB1","ENSG00000100324","TAB1","TGF-beta activated kinase 1 (MAP3K7) binding protein 1 [Source:HGNC Symbol;Acc:HGNC:18157]","ENTREZGENE,GENECARDS,HGNC,UNIPROT_GN,WIKIGENE"
"MAPK10","ENSG00000109339","MAPK10","mitogen-activated protein kinase 10 [Source:HGNC Symbol;Acc:HGNC:6872]","ENTREZGENE,GENECARDS,HGNC,UNIPROT_GN,WIKIGENE"
"MAPK1","ENSG00000100030","MAPK1","mitogen-activated protein kinase 1 [Source:HGNC Symbol;Acc:HGNC:6871]","ENTREZGENE,GENECARDS,HGNC,UNIPROT_GN,WIKIGENE"
"MAPK9","ENSG00000050748","MAPK9","mitogen-activated protein kinase 9 [Source:HGNC Symbol;Acc:HGNC:6886]","ENTREZGENE,GENECARDS,HGNC,UNIPROT_GN,WIKIGENE"
"ACVR1","ENSG00000115170","ACVR1","activin A receptor type 1 [Source:HGNC Symbol;Acc:HGNC:171]","ENTREZGENE,GENECARDS,HGNC,UNIPROT_GN,WIKIGENE"
"BMPR2","ENSG00000204217","BMPR2","bone morphogenetic protein receptor type 2 [Source:HGNC Symbol;Acc:HGNC:1078]","ENTREZGENE,GENECARDS,HGNC,UNIPROT_GN,WIKIGENE"
"TLL1","ENSG00000038295","TLL1","tolloid like 1 [Source:HGNC Symbol;Acc:HGNC:11843]","ENTREZGENE,GENECARDS,HGNC,UNIPROT_GN,WIKIGENE"
"BMPR1A","ENSG00000107779","BMPR1A","bone morphogenetic protein receptor type 1A [Source:HGNC Symbol;Acc:HGNC:1076]","ENTREZGENE,GENECARDS,HGNC,UNIPROT_GN,WIKIGENE"
"JUND","ENSG00000130522","JUND","JunD proto-oncogene, AP-1 transcription factor subunit [Source:HGNC Symbol;Acc:HGNC:6206]","ENTREZGENE,GENECARDS,HGNC,UNIPROT_GN,WIKIGENE"
"EP300","ENSG00000100393","EP300","E1A binding protein p300 [Source:HGNC Symbol;Acc:HGNC:3373]","ENTREZGENE,GENECARDS,HGNC,UNIPROT_GN,WIKIGENE"
"FKBP1A","ENSG00000088832","FKBP1A","FKBP prolyl isomerase 1A [Source:HGNC Symbol;Acc:HGNC:3711]","ENTREZGENE,GENECARDS,HGNC,UNIPROT_GN,WIKIGENE"
"LEFTY1","ENSG00000243709","LEFTY1","left-right determination factor 1 [Source:HGNC Symbol;Acc:HGNC:6552]","ENTREZGENE,GENECARDS,HGNC,UNIPROT_GN,WIKIGENE"
"BMP2","ENSG00000125845","BMP2","bone morphogenetic protein 2 [Source:HGNC Symbol;Acc:HGNC:1069]","ENTREZGENE,GENECARDS,HGNC,UNIPROT_GN,WIKIGENE"
"INHBA","ENSG00000122641","INHBA","inhibin subunit beta A [Source:HGNC Symbol;Acc:HGNC:6066]","ENTREZGENE,GENECARDS,HGNC,UNIPROT_GN,WIKIGENE"
"GDF6","ENSG00000156466","GDF6","growth differentiation factor 6 [Source:HGNC Symbol;Acc:HGNC:4221]","ENTREZGENE,GENECARDS,HGNC,UNIPROT_GN,WIKIGENE"
"TGFBR2","ENSG00000163513","TGFBR2","transforming growth factor beta receptor 2 [Source:HGNC Symbol;Acc:HGNC:11773]","ENTREZGENE,GENECARDS,HGNC,UNIPROT_GN,WIKIGENE"
"CDC42","ENSG00000070831","CDC42","cell division cycle 42 [Source:HGNC Symbol;Acc:HGNC:1736]","ENTREZGENE,GENECARDS,HGNC,UNIPROT_GN,WIKIGENE"
"CDC42","ENSG00000289694","None","novel protein","ENTREZGENE,GENECARDS,HGNC,UNIPROT_GN,WIKIGENE"
"STAT3","ENSG00000168610","STAT3","signal transducer and activator of transcription 3 [Source:HGNC Symbol;Acc:HGNC:11364]","ENTREZGENE,GENECARDS,HGNC,UNIPROT_GN,WIKIGENE"
"GRB2","ENSG00000177885","GRB2","growth factor receptor bound protein 2 [Source:HGNC Symbol;Acc:HGNC:4566]","ENTREZGENE,GENECARDS,HGNC,UNIPROT_GN,WIKIGENE"
"MAP2K1","ENSG00000169032","MAP2K1","mitogen-activated protein kinase kinase 1 [Source:HGNC Symbol;Acc:HGNC:6840]","ENTREZGENE,GENECARDS,HGNC,UNIPROT_GN,WIKIGENE"
"SOS2","ENSG00000100485","SOS2","SOS Ras/Rho guanine nucleotide exchange factor 2 [Source:HGNC Symbol;Acc:HGNC:11188]","ENTREZGENE,GENECARDS,HGNC,UNIPROT_GN,WIKIGENE"
"PAK2","ENSG00000180370","PAK2","p21 (RAC1) activated kinase 2 [Source:HGNC Symbol;Acc:HGNC:8591]","ENTREZGENE,GENECARDS,HGNC,UNIPROT_GN,WIKIGENE"
"ETS1","ENSG00000134954","ETS1","ETS proto-oncogene 1, transcription factor [Source:HGNC Symbol;Acc:HGNC:3488]","ENTREZGENE,GENECARDS,HGNC,UNIPROT_GN,WIKIGENE"
"PIK3CA","ENSG00000121879","PIK3CA","phosphatidylinositol-4,5-bisphosphate 3-kinase catalytic subunit alpha [Source:HGNC Symbol;Acc:HGNC:8975]","ENTREZGENE,GENECARDS,HGNC,UNIPROT_GN,WIKIGENE"
"RAC2","ENSG00000128340","RAC2","Rac family small GTPase 2 [Source:HGNC Symbol;Acc:HGNC:9802]","ENTREZGENE,GENECARDS,HGNC,UNIPROT_GN,WIKIGENE"
"SRF","ENSG00000112658","SRF","serum response factor [Source:HGNC Symbol;Acc:HGNC:11291]","ENTREZGENE,GENECARDS,HGNC,UNIPROT_GN,WIKIGENE"
"HRAS","ENSG00000174775","HRAS","HRas proto-oncogene, GTPase [Source:HGNC Symbol;Acc:HGNC:5173]","ENTREZGENE,GENECARDS,HGNC,UNIPROT_GN,WIKIGENE"
"RGL1","ENSG00000143344","RGL1","ral guanine nucleotide dissociation stimulator like 1 [Source:HGNC Symbol;Acc:HGNC:30281]","ENTREZGENE,GENECARDS,HGNC,UNIPROT_GN,WIKIGENE"
"SHC1","ENSG00000160691","SHC1","SHC adaptor protein 1 [Source:HGNC Symbol;Acc:HGNC:10840]","ENTREZGENE,GENECARDS,HGNC,UNIPROT_GN,WIKIGENE"
"MAPK11","ENSG00000185386","MAPK11","mitogen-activated protein kinase 11 [Source:HGNC Symbol;Acc:HGNC:6873]","ENTREZGENE,GENECARDS,HGNC,UNIPROT_GN,WIKIGENE"
"MAP2K3","ENSG00000034152","MAP2K3","mitogen-activated protein kinase kinase 3 [Source:HGNC Symbol;Acc:HGNC:6843]","ENTREZGENE,GENECARDS,HGNC,UNIPROT_GN,WIKIGENE"
"AKT3","ENSG00000117020","AKT3","AKT serine/threonine kinase 3 [Source:HGNC Symbol;Acc:HGNC:393]","ENTREZGENE,GENECARDS,HGNC,UNIPROT_GN,WIKIGENE"
"PDPK1","ENSG00000140992","PDPK1","3-phosphoinositide dependent protein kinase 1 [Source:HGNC Symbol;Acc:HGNC:8816]","ENTREZGENE,GENECARDS,HGNC,UNIPROT_GN,WIKIGENE"
"PAK1","ENSG00000149269","PAK1","p21 (RAC1) activated kinase 1 [Source:HGNC Symbol;Acc:HGNC:8590]","ENTREZGENE,GENECARDS,HGNC,UNIPROT_GN,WIKIGENE"
"PLD2","ENSG00000129219","PLD2","phospholipase D2 [Source:HGNC Symbol;Acc:HGNC:9068]","ENTREZGENE,GENECARDS,HGNC,UNIPROT_GN,WIKIGENE"
"RHOB","ENSG00000143878","RHOB","ras homolog family member B [Source:HGNC Symbol;Acc:HGNC:668]","ENTREZGENE,GENECARDS,HGNC,UNIPROT_GN,WIKIGENE"
"MAP2K6","ENSG00000108984","MAP2K6","mitogen-activated protein kinase kinase 6 [Source:HGNC Symbol;Acc:HGNC:6846]","ENTREZGENE,GENECARDS,HGNC,UNIPROT_GN,WIKIGENE"
"SOS1","ENSG00000115904","SOS1","SOS Ras/Rac guanine nucleotide exchange factor 1 [Source:HGNC Symbol;Acc:HGNC:11187]","ENTREZGENE,GENECARDS,HGNC,UNIPROT_GN,WIKIGENE"
"MAP2K2","ENSG00000126934","MAP2K2","mitogen-activated protein kinase kinase 2 [Source:HGNC Symbol;Acc:HGNC:6842]","ENTREZGENE,GENECARDS,HGNC,UNIPROT_GN,WIKIGENE"
"ELK1","ENSG00000126767","ELK1","ETS transcription factor ELK1 [Source:HGNC Symbol;Acc:HGNC:3321]","ENTREZGENE,GENECARDS,HGNC,UNIPROT_GN,WIKIGENE"
"PIK3CG","ENSG00000105851","PIK3CG","phosphatidylinositol-4,5-bisphosphate 3-kinase catalytic subunit gamma [Source:HGNC Symbol;Acc:HGNC:8978]","ENTREZGENE,GENECARDS,HGNC,UNIPROT_GN,WIKIGENE"
"JUN","ENSG00000177606","JUN","Jun proto-oncogene, AP-1 transcription factor subunit [Source:HGNC Symbol;Acc:HGNC:6204]","ENTREZGENE,GENECARDS,HGNC,UNIPROT_GN,WIKIGENE"
"MAPK12","ENSG00000188130","MAPK12","mitogen-activated protein kinase 12 [Source:HGNC Symbol;Acc:HGNC:6874]","ENTREZGENE,GENECARDS,HGNC,UNIPROT_GN,WIKIGENE"
"RHOA","ENSG00000067560","RHOA","ras homolog family member A [Source:HGNC Symbol;Acc:HGNC:667]","ENTREZGENE,GENECARDS,HGNC,UNIPROT_GN,WIKIGENE"
"EXOC2","ENSG00000112685","EXOC2","exocyst complex component 2 [Source:HGNC Symbol;Acc:HGNC:24968]","ENTREZGENE,GENECARDS,HGNC,UNIPROT_GN,WIKIGENE"
"PAK3","ENSG00000077264","PAK3","p21 (RAC1) activated kinase 3 [Source:HGNC Symbol;Acc:HGNC:8592]","ENTREZGENE,GENECARDS,HGNC,UNIPROT_GN,WIKIGENE"
"MAPK10","ENSG00000109339","MAPK10","mitogen-activated protein kinase 10 [Source:HGNC Symbol;Acc:HGNC:6872]","ENTREZGENE,GENECARDS,HGNC,UNIPROT_GN,WIKIGENE"
"TIAM1","ENSG00000156299","TIAM1","TIAM Rac1 associated GEF 1 [Source:HGNC Symbol;Acc:HGNC:11805]","ENTREZGENE,GENECARDS,HGNC,UNIPROT_GN,WIKIGENE"
"RALB","ENSG00000144118","RALB","RAS like proto-oncogene B [Source:HGNC Symbol;Acc:HGNC:9840]","ENTREZGENE,GENECARDS,HGNC,UNIPROT_GN,WIKIGENE"
"MAP2K4","ENSG00000065559","MAP2K4","mitogen-activated protein kinase kinase 4 [Source:HGNC Symbol;Acc:HGNC:6844]","ENTREZGENE,GENECARDS,HGNC,UNIPROT_GN,WIKIGENE"
"BRAF","ENSG00000157764","BRAF","B-Raf proto-oncogene, serine/threonine kinase [Source:HGNC Symbol;Acc:HGNC:1097]","ENTREZGENE,GENECARDS,HGNC,UNIPROT_GN,WIKIGENE"
"KRAS","ENSG00000133703","KRAS","KRAS proto-oncogene, GTPase [Source:HGNC Symbol;Acc:HGNC:6407]","ENTREZGENE,GENECARDS,HGNC,UNIPROT_GN,WIKIGENE"
"RHOC","ENSG00000155366","RHOC","ras homolog family member C [Source:HGNC Symbol;Acc:HGNC:669]","ENTREZGENE,GENECARDS,HGNC,UNIPROT_GN,WIKIGENE"
"MAPK3","ENSG00000102882","MAPK3","mitogen-activated protein kinase 3 [Source:HGNC Symbol;Acc:HGNC:6877]","ENTREZGENE,GENECARDS,HGNC,UNIPROT_GN,WIKIGENE"
"ATF2","ENSG00000115966","ATF2","activating transcription factor 2 [Source:HGNC Symbol;Acc:HGNC:784]","ENTREZGENE,GENECARDS,HGNC,UNIPROT_GN,WIKIGENE"
"MAPKAPK3","ENSG00000114738","MAPKAPK3","MAPK activated protein kinase 3 [Source:HGNC Symbol;Acc:HGNC:6888]","ENTREZGENE,GENECARDS,HGNC,UNIPROT_GN,WIKIGENE"
"RAC1","ENSG00000129538","RNASE1","ribonuclease A family member 1, pancreatic [Source:HGNC Symbol;Acc:HGNC:10044]","ENTREZGENE,GENECARDS,HGNC,UNIPROT_GN,WIKIGENE"
"RAC1","ENSG00000136238","RAC1","Rac family small GTPase 1 [Source:HGNC Symbol;Acc:HGNC:9801]","ENTREZGENE,GENECARDS,HGNC,UNIPROT_GN,WIKIGENE"
"RPS6KA2","ENSG00000071242","RPS6KA2","ribosomal protein S6 kinase A2 [Source:HGNC Symbol;Acc:HGNC:10431]","ENTREZGENE,GENECARDS,HGNC,UNIPROT_GN,WIKIGENE"
"RPS6KA3","ENSG00000177189","RPS6KA3","ribosomal protein S6 kinase A3 [Source:HGNC Symbol;Acc:HGNC:10432]","ENTREZGENE,GENECARDS,HGNC,UNIPROT_GN,WIKIGENE"
"PLD1","ENSG00000075651","PLD1","phospholipase D1 [Source:HGNC Symbol;Acc:HGNC:9067]","ENTREZGENE,GENECARDS,HGNC,UNIPROT_GN,WIKIGENE"
"GSK3A","ENSG00000105723","GSK3A","glycogen synthase kinase 3 alpha [Source:HGNC Symbol;Acc:HGNC:4616]","ENTREZGENE,GENECARDS,HGNC,UNIPROT_GN,WIKIGENE"
"MAPK1","ENSG00000100030","MAPK1","mitogen-activated protein kinase 1 [Source:HGNC Symbol;Acc:HGNC:6871]","ENTREZGENE,GENECARDS,HGNC,UNIPROT_GN,WIKIGENE"
"RPS6KA6","ENSG00000072133","RPS6KA6","ribosomal protein S6 kinase A6 [Source:HGNC Symbol;Acc:HGNC:10435]","ENTREZGENE,GENECARDS,HGNC,UNIPROT_GN,WIKIGENE"
"MAPK13","ENSG00000156711","MAPK13","mitogen-activated protein kinase 13 [Source:HGNC Symbol;Acc:HGNC:6875]","ENTREZGENE,GENECARDS,HGNC,UNIPROT_GN,WIKIGENE"
"MAP3K4","ENSG00000085511","MAP3K4","mitogen-activated protein kinase kinase kinase 4 [Source:HGNC Symbol;Acc:HGNC:6856]","ENTREZGENE,GENECARDS,HGNC,UNIPROT_GN,WIKIGENE"
"RALA","ENSG00000006451","RALA","RAS like proto-oncogene A [Source:HGNC Symbol;Acc:HGNC:9839]","ENTREZGENE,GENECARDS,HGNC,UNIPROT_GN,WIKIGENE"
"NRAS","ENSG00000213281","NRAS","NRAS proto-oncogene, GTPase [Source:HGNC Symbol;Acc:HGNC:7989]","ENTREZGENE,GENECARDS,HGNC,UNIPROT_GN,WIKIGENE"
"RAF1","ENSG00000132155","RAF1","Raf-1 proto-oncogene, serine/threonine kinase [Source:HGNC Symbol;Acc:HGNC:9829]","ENTREZGENE,GENECARDS,HGNC,UNIPROT_GN,WIKIGENE"
"RALGDS","ENSG00000160271","RALGDS","ral guanine nucleotide dissociation stimulator [Source:HGNC Symbol;Acc:HGNC:9842]","ENTREZGENE,GENECARDS,HGNC,UNIPROT_GN,WIKIGENE"
"MAP2K7","ENSG00000076984","MAP2K7","mitogen-activated protein kinase kinase 7 [Source:HGNC Symbol;Acc:HGNC:6847]","ENTREZGENE,GENECARDS,HGNC,UNIPROT_GN,WIKIGENE"
"MAPK9","ENSG00000050748","MAPK9","mitogen-activated protein kinase 9 [Source:HGNC Symbol;Acc:HGNC:6886]","ENTREZGENE,GENECARDS,HGNC,UNIPROT_GN,WIKIGENE"
"ARAF","ENSG00000078061","ARAF","A-Raf proto-oncogene, serine/threonine kinase [Source:HGNC Symbol;Acc:HGNC:646]","ENTREZGENE,GENECARDS,HGNC,UNIPROT_GN,WIKIGENE"
"MAPKAPK2","ENSG00000162889","MAPKAPK2","MAPK activated protein kinase 2 [Source:HGNC Symbol;Acc:HGNC:6887]","ENTREZGENE,GENECARDS,HGNC,UNIPROT_GN,WIKIGENE"
"PIK3C3","ENSG00000078142","PIK3C3","phosphatidylinositol 3-kinase catalytic subunit type 3 [Source:HGNC Symbol;Acc:HGNC:8974]","ENTREZGENE,GENECARDS,HGNC,UNIPROT_GN,WIKIGENE"
"RGL2","ENSG00000237441","RGL2","ral guanine nucleotide dissociation stimulator like 2 [Source:HGNC Symbol;Acc:HGNC:9769]","ENTREZGENE,GENECARDS,HGNC,UNIPROT_GN,WIKIGENE"
"PIK3CD","ENSG00000171608","PIK3CD","phosphatidylinositol-4,5-bisphosphate 3-kinase catalytic subunit delta [Source:HGNC Symbol;Acc:HGNC:8977]","ENTREZGENE,GENECARDS,HGNC,UNIPROT_GN,WIKIGENE"
"MAP3K1","ENSG00000095015","MAP3K1","mitogen-activated protein kinase kinase kinase 1 [Source:HGNC Symbol;Acc:HGNC:6848]","ENTREZGENE,GENECARDS,HGNC,UNIPROT_GN,WIKIGENE"
"RAC3","ENSG00000169750","RAC3","Rac family small GTPase 3 [Source:HGNC Symbol;Acc:HGNC:9803]","ENTREZGENE,GENECARDS,HGNC,UNIPROT_GN,WIKIGENE"
"MAP3K7CL","ENSG00000156265","MAP3K7CL","MAP3K7 C-terminal like [Source:HGNC Symbol;Acc:HGNC:16457]","ENTREZGENE,GENECARDS,HGNC,UNIPROT_GN,WIKIGENE"
"MAPK14","ENSG00000112062","MAPK14","mitogen-activated protein kinase 14 [Source:HGNC Symbol;Acc:HGNC:6876]","ENTREZGENE,GENECARDS,HGNC,UNIPROT_GN,WIKIGENE"
"PIK3CB","ENSG00000051382","PIK3CB","phosphatidylinositol-4,5-bisphosphate 3-kinase catalytic subunit beta [Source:HGNC Symbol;Acc:HGNC:8976]","ENTREZGENE,GENECARDS,HGNC,UNIPROT_GN,WIKIGENE"
"STAT1","ENSG00000115415","STAT1","signal transducer and activator of transcription 1 [Source:HGNC Symbol;Acc:HGNC:11362]","ENTREZGENE,GENECARDS,HGNC,UNIPROT_GN,WIKIGENE"
"AKT1","ENSG00000142208","AKT1","AKT serine/threonine kinase 1 [Source:HGNC Symbol;Acc:HGNC:391]","ENTREZGENE,GENECARDS,HGNC,UNIPROT_GN,WIKIGENE"
"MAPK8","ENSG00000107643","MAPK8","mitogen-activated protein kinase 8 [Source:HGNC Symbol;Acc:HGNC:6881]","ENTREZGENE,GENECARDS,HGNC,UNIPROT_GN,WIKIGENE"
"RPS6KA1","ENSG00000117676","RPS6KA1","ribosomal protein S6 kinase A1 [Source:HGNC Symbol;Acc:HGNC:10430]","ENTREZGENE,GENECARDS,HGNC,UNIPROT_GN,WIKIGENE"
"GSK3B","ENSG00000082701","GSK3B","glycogen synthase kinase 3 beta [Source:HGNC Symbol;Acc:HGNC:4617]","ENTREZGENE,GENECARDS,HGNC,UNIPROT_GN,WIKIGENE"